{"sub-082": {"loss": 1.6191585063934326, "acc": 0.42891278862953186}, "sub-007": {"loss": 1.5037468671798706, "acc": 0.4475383460521698}, "sub-004": {"loss": 1.8674055337905884, "acc": 0.36077237129211426}, "sub-025": {"loss": 1.1059904098510742, "acc": 0.6196410059928894}, "sub-077": {"loss": 2.214446544647217, "acc": 0.22038871049880981}, "sub-009": {"loss": 0.8388590216636658, "acc": 0.701910138130188}, "sub-071": {"loss": 1.7531113624572754, "acc": 0.37663015723228455}, "sub-033": {"loss": 1.5847631692886353, "acc": 0.42097488045692444}, "sub-042": {"loss": 0.8190320730209351, "acc": 0.7226753830909729}, "sub-026": {"loss": 1.349221110343933, "acc": 0.5326876640319824}, "sub-062": {"loss": 1.677186131477356, "acc": 0.3906164765357971}, "sub-038": {"loss": 1.36591637134552, "acc": 0.5290918946266174}, "sub-084": {"loss": 1.3316130638122559, "acc": 0.5256869792938232}, "sub-043": {"loss": 1.2241359949111938, "acc": 0.5673714876174927}, "sub-019": {"loss": 1.0689573287963867, "acc": 0.6199892163276672}, "sub-083": {"loss": 1.6430799961090088, "acc": 0.38809239864349365}, "sub-073": {"loss": 1.6679266691207886, "acc": 0.43472981452941895}, "sub-049": {"loss": 1.8368515968322754, "acc": 0.34475597739219666}, "sub-039": {"loss": 1.524469256401062, "acc": 0.47743338346481323}, "sub-023": {"loss": 1.7191743850708008, "acc": 0.3850034177303314}, "sub-060": {"loss": 2.0063393115997314, "acc": 0.3017676770687103}, "sub-072": {"loss": 0.8011132478713989, "acc": 0.7202995419502258}, "sub-059": {"loss": 1.2454859018325806, "acc": 0.551554799079895}, "sub-048": {"loss": 1.2566198110580444, "acc": 0.5217796564102173}, "sub-034": {"loss": 1.5679738521575928, "acc": 0.4418184757232666}, "sub-022": {"loss": 1.3212908506393433, "acc": 0.5364689826965332}, "sub-054": {"loss": 1.8655625581741333, "acc": 0.3401869237422943}, "sub-069": {"loss": 1.8234933614730835, "acc": 0.3442879617214203}, "sub-014": {"loss": 1.340820074081421, "acc": 0.5233810544013977}, "sub-053": {"loss": 1.762489676475525, "acc": 0.3838006258010864}, "sub-018": {"loss": 1.4474605321884155, "acc": 0.49152541160583496}, "sub-029": {"loss": 1.3832237720489502, "acc": 0.47415611147880554}, "sub-068": {"loss": 1.5636404752731323, "acc": 0.46791863441467285}, "sub-011": {"loss": 1.8390737771987915, "acc": 0.40772128105163574}, "sub-031": {"loss": 0.7610052824020386, "acc": 0.7306610345840454}, "sub-050": {"loss": 2.532099723815918, "acc": 0.22781506180763245}, "sub-040": {"loss": 1.5622321367263794, "acc": 0.4453507363796234}, "sub-002": {"loss": 1.2226020097732544, "acc": 0.5605112314224243}, "sub-005": {"loss": 1.4533857107162476, "acc": 0.4859813153743744}, "sub-070": {"loss": 1.1316806077957153, "acc": 0.5844200849533081}, "sub-013": {"loss": 0.9411927461624146, "acc": 0.6633037328720093}, "sub-064": {"loss": 1.6805024147033691, "acc": 0.3928012549877167}, "sub-079": {"loss": 1.7723362445831299, "acc": 0.38211867213249207}, "sub-063": {"loss": 1.6840671300888062, "acc": 0.4420100748538971}, "sub-016": {"loss": 1.6268702745437622, "acc": 0.43771860003471375}, "sub-036": {"loss": 1.125917911529541, "acc": 0.6021664142608643}, "sub-056": {"loss": 1.8377009630203247, "acc": 0.35742470622062683}, "sub-047": {"loss": 1.1484997272491455, "acc": 0.5963718891143799}, "sub-074": {"loss": 1.1095658540725708, "acc": 0.6097955703735352}, "sub-015": {"loss": 1.462494969367981, "acc": 0.4782082438468933}, "sub-024": {"loss": 1.4335256814956665, "acc": 0.4911218583583832}, "sub-075": {"loss": 1.160446286201477, "acc": 0.5960332155227661}, "sub-003": {"loss": 1.0154451131820679, "acc": 0.6355932354927063}, "sub-066": {"loss": 1.7075692415237427, "acc": 0.3938445448875427}, "sub-037": {"loss": 1.3506680727005005, "acc": 0.5205727815628052}, "sub-055": {"loss": 1.3021262884140015, "acc": 0.5505711436271667}, "sub-021": {"loss": 1.8704570531845093, "acc": 0.3491479158401489}, "sub-035": {"loss": 1.8133858442306519, "acc": 0.3876579701900482}, "sub-065": {"loss": 1.7929500341415405, "acc": 0.4063641130924225}, "sub-020": {"loss": 0.9141728281974792, "acc": 0.7030302882194519}, "sub-076": {"loss": 1.6781609058380127, "acc": 0.4128718972206116}, "sub-006": {"loss": 1.0183593034744263, "acc": 0.6513513326644897}, "sub-001": {"loss": 1.1897053718566895, "acc": 0.5751950740814209}, "sub-032": {"loss": 1.0126829147338867, "acc": 0.6395863890647888}, "sub-081": {"loss": 2.192392110824585, "acc": 0.22954349219799042}, "sub-045": {"loss": 1.5260218381881714, "acc": 0.4774046540260315}, "sub-078": {"loss": 1.1529160737991333, "acc": 0.6061525940895081}, "sub-012": {"loss": 1.8945643901824951, "acc": 0.3192090392112732}, "sub-052": {"loss": 1.1639922857284546, "acc": 0.6197299957275391}, "sub-008": {"loss": 1.1012859344482422, "acc": 0.6105730533599854}, "sub-017": {"loss": 1.3714920282363892, "acc": 0.5057471394538879}, "sub-080": {"loss": 1.1495928764343262, "acc": 0.5804460644721985}, "sub-030": {"loss": 1.4383642673492432, "acc": 0.4810126721858978}, "sub-027": {"loss": 0.9176490902900696, "acc": 0.6534810066223145}, "sub-044": {"loss": 0.48018714785575867, "acc": 0.8414179086685181}, "sub-058": {"loss": 1.026908040046692, "acc": 0.6450263857841492}, "sub-085": {"loss": 0.9123125076293945, "acc": 0.6919553875923157}, "sub-067": {"loss": 1.7607530355453491, "acc": 0.38149887323379517}, "sub-010": {"loss": 1.5222461223602295, "acc": 0.4455205798149109}, "sub-041": {"loss": 1.5493621826171875, "acc": 0.468733012676239}, "sub-028": {"loss": 1.0141277313232422, "acc": 0.6390646696090698}, "sub-061": {"loss": 1.296566128730774, "acc": 0.5633751749992371}, "sub-046": {"loss": 1.4429560899734497, "acc": 0.4823797643184662}, "sub-057": {"loss": 1.0907062292099, "acc": 0.641934871673584}, "sub-051": {"loss": 1.9768424034118652, "acc": 0.2778816223144531}}