{"sub-082": {"loss": 1.1399145126342773, "acc": 0.5304659605026245}, "sub-007": {"loss": 1.0197244882583618, "acc": 0.5990314483642578}, "sub-004": {"loss": 1.326884150505066, "acc": 0.4932926893234253}, "sub-025": {"loss": 0.7097188234329224, "acc": 0.7407209873199463}, "sub-077": {"loss": 1.6008570194244385, "acc": 0.36039602756500244}, "sub-009": {"loss": 0.5816357731819153, "acc": 0.7769975662231445}, "sub-071": {"loss": 1.2189897298812866, "acc": 0.4857589900493622}, "sub-033": {"loss": 1.1298037767410278, "acc": 0.5556868314743042}, "sub-042": {"loss": 0.5194239020347595, "acc": 0.8101142048835754}, "sub-026": {"loss": 0.9216804504394531, "acc": 0.6513317227363586}, "sub-062": {"loss": 1.1375865936279297, "acc": 0.5522094964981079}, "sub-038": {"loss": 0.9001613259315491, "acc": 0.6623165011405945}, "sub-084": {"loss": 0.9213007092475891, "acc": 0.6505376100540161}, "sub-043": {"loss": 0.8422082662582397, "acc": 0.6888059973716736}, "sub-019": {"loss": 0.6908514499664307, "acc": 0.7389830350875854}, "sub-083": {"loss": 1.1239312887191772, "acc": 0.5379928350448608}, "sub-073": {"loss": 1.1810200214385986, "acc": 0.5504553914070129}, "sub-049": {"loss": 1.22367262840271, "acc": 0.4915887713432312}, "sub-039": {"loss": 1.045657992362976, "acc": 0.5879282355308533}, "sub-023": {"loss": 1.1424208879470825, "acc": 0.5585275888442993}, "sub-060": {"loss": 1.4906139373779297, "acc": 0.39280304312705994}, "sub-072": {"loss": 0.5115070343017578, "acc": 0.8040072917938232}, "sub-059": {"loss": 0.8239063024520874, "acc": 0.6765957474708557}, "sub-048": {"loss": 0.7847006916999817, "acc": 0.6763103008270264}, "sub-034": {"loss": 1.066541075706482, "acc": 0.5937961339950562}, "sub-022": {"loss": 0.9269490242004395, "acc": 0.6385276317596436}, "sub-054": {"loss": 1.268364429473877, "acc": 0.472149521112442}, "sub-069": {"loss": 1.3147523403167725, "acc": 0.46447575092315674}, "sub-014": {"loss": 0.9252402782440186, "acc": 0.6355828046798706}, "sub-053": {"loss": 1.2178335189819336, "acc": 0.5289719700813293}, "sub-018": {"loss": 1.0377717018127441, "acc": 0.5927360653877258}, "sub-029": {"loss": 0.9332531094551086, "acc": 0.6414557099342346}, "sub-068": {"loss": 1.0782042741775513, "acc": 0.5812206864356995}, "sub-011": {"loss": 1.3178688287734985, "acc": 0.4992735981941223}, "sub-031": {"loss": 0.4899560213088989, "acc": 0.7908228039741516}, "sub-050": {"loss": 1.7838722467422485, "acc": 0.3550335466861725}, "sub-040": {"loss": 1.0968960523605347, "acc": 0.5716149806976318}, "sub-002": {"loss": 0.8430227637290955, "acc": 0.6711267828941345}, "sub-005": {"loss": 0.9783911108970642, "acc": 0.5938584804534912}, "sub-070": {"loss": 0.7717734575271606, "acc": 0.6907668113708496}, "sub-013": {"loss": 0.6103057861328125, "acc": 0.7639225125312805}, "sub-064": {"loss": 1.2114601135253906, "acc": 0.5355242490768433}, "sub-079": {"loss": 1.2806178331375122, "acc": 0.518638014793396}, "sub-063": {"loss": 1.1553391218185425, "acc": 0.5571205019950867}, "sub-016": {"loss": 1.0983449220657349, "acc": 0.5738498568534851}, "sub-036": {"loss": 0.7855795621871948, "acc": 0.7072378396987915}, "sub-056": {"loss": 1.3403862714767456, "acc": 0.4691588878631592}, "sub-047": {"loss": 0.7229504585266113, "acc": 0.7255101799964905}, "sub-074": {"loss": 0.7403056025505066, "acc": 0.7052823305130005}, "sub-015": {"loss": 0.9757489562034607, "acc": 0.6203389763832092}, "sub-024": {"loss": 0.9669640064239502, "acc": 0.6116222739219666}, "sub-075": {"loss": 0.6996496915817261, "acc": 0.7322404384613037}, "sub-003": {"loss": 0.6752389073371887, "acc": 0.7348668575286865}, "sub-066": {"loss": 1.1739122867584229, "acc": 0.5195618271827698}, "sub-037": {"loss": 0.8657193779945374, "acc": 0.6681892275810242}, "sub-055": {"loss": 0.8501980304718018, "acc": 0.6919625997543335}, "sub-021": {"loss": 1.317834496498108, "acc": 0.4942331314086914}, "sub-035": {"loss": 1.2771223783493042, "acc": 0.4862629175186157}, "sub-065": {"loss": 1.2684000730514526, "acc": 0.4935837388038635}, "sub-020": {"loss": 0.5934416651725769, "acc": 0.789393961429596}, "sub-076": {"loss": 1.2083196640014648, "acc": 0.5315118432044983}, "sub-006": {"loss": 0.6498385667800903, "acc": 0.7527027130126953}, "sub-001": {"loss": 0.7727349400520325, "acc": 0.7278450131416321}, "sub-032": {"loss": 0.6309849619865417, "acc": 0.765731155872345}, "sub-081": {"loss": 1.6313380002975464, "acc": 0.3279069662094116}, "sub-045": {"loss": 1.0305228233337402, "acc": 0.6093283295631409}, "sub-078": {"loss": 0.7845797538757324, "acc": 0.6976320743560791}, "sub-012": {"loss": 1.3441212177276611, "acc": 0.4489104151725769}, "sub-052": {"loss": 0.7947167158126831, "acc": 0.6803738474845886}, "sub-008": {"loss": 0.6858721375465393, "acc": 0.7348668575286865}, "sub-017": {"loss": 0.8796491026878357, "acc": 0.667711615562439}, "sub-080": {"loss": 0.7474827170372009, "acc": 0.7118279337882996}, "sub-030": {"loss": 0.9484609961509705, "acc": 0.6243671178817749}, "sub-027": {"loss": 0.5603295564651489, "acc": 0.7848101258277893}, "sub-044": {"loss": 0.29322099685668945, "acc": 0.8832089304924011}, "sub-058": {"loss": 0.6531455516815186, "acc": 0.7603927850723267}, "sub-085": {"loss": 0.586200475692749, "acc": 0.7784945964813232}, "sub-067": {"loss": 1.2820082902908325, "acc": 0.4901408553123474}, "sub-010": {"loss": 1.0130889415740967, "acc": 0.6019370555877686}, "sub-041": {"loss": 1.076583981513977, "acc": 0.5673735737800598}, "sub-028": {"loss": 0.6445925831794739, "acc": 0.7414556741714478}, "sub-061": {"loss": 0.8535904288291931, "acc": 0.6756137609481812}, "sub-046": {"loss": 0.9861496686935425, "acc": 0.6223880648612976}, "sub-057": {"loss": 0.7374606132507324, "acc": 0.7112929821014404}, "sub-051": {"loss": 1.4286761283874512, "acc": 0.4385046660900116}}