{"sub-082": {"loss": 0.9546524286270142, "acc": 0.5900537371635437}, "sub-007": {"loss": 0.8898830413818359, "acc": 0.6310532689094543}, "sub-004": {"loss": 1.1401517391204834, "acc": 0.5266768336296082}, "sub-025": {"loss": 0.6100669503211975, "acc": 0.7686915993690491}, "sub-077": {"loss": 1.3417199850082397, "acc": 0.3993399441242218}, "sub-009": {"loss": 0.43814367055892944, "acc": 0.8338377475738525}, "sub-071": {"loss": 1.0420199632644653, "acc": 0.565727710723877}, "sub-033": {"loss": 0.9934040307998657, "acc": 0.6233382821083069}, "sub-042": {"loss": 0.4210949242115021, "acc": 0.8499184250831604}, "sub-026": {"loss": 0.7788287401199341, "acc": 0.6782687902450562}, "sub-062": {"loss": 0.9836390614509583, "acc": 0.5814238786697388}, "sub-038": {"loss": 0.774657666683197, "acc": 0.700652539730072}, "sub-084": {"loss": 0.7186096906661987, "acc": 0.7235662937164307}, "sub-043": {"loss": 0.6756302714347839, "acc": 0.7430037260055542}, "sub-019": {"loss": 0.5600860714912415, "acc": 0.7926755547523499}, "sub-083": {"loss": 0.9411360621452332, "acc": 0.5819892287254333}, "sub-073": {"loss": 0.9686238169670105, "acc": 0.6065573692321777}, "sub-049": {"loss": 1.0625971555709839, "acc": 0.5485981106758118}, "sub-039": {"loss": 0.9155252575874329, "acc": 0.6296900510787964}, "sub-023": {"loss": 0.9614173173904419, "acc": 0.5935583114624023}, "sub-060": {"loss": 1.2120810747146606, "acc": 0.49668559432029724}, "sub-072": {"loss": 0.41182154417037964, "acc": 0.8410747051239014}, "sub-059": {"loss": 0.7160139679908752, "acc": 0.7180851101875305}, "sub-048": {"loss": 0.6507474780082703, "acc": 0.7211740016937256}, "sub-034": {"loss": 0.9084087610244751, "acc": 0.6296159625053406}, "sub-022": {"loss": 0.7558797597885132, "acc": 0.6929447650909424}, "sub-054": {"loss": 1.1194514036178589, "acc": 0.5200934410095215}, "sub-069": {"loss": 1.1033000946044922, "acc": 0.5473396182060242}, "sub-014": {"loss": 0.7781286835670471, "acc": 0.6883435845375061}, "sub-053": {"loss": 1.0219863653182983, "acc": 0.5523364543914795}, "sub-018": {"loss": 0.854280948638916, "acc": 0.658595621585846}, "sub-029": {"loss": 0.8110912442207336, "acc": 0.6582278609275818}, "sub-068": {"loss": 0.8899738788604736, "acc": 0.6439749598503113}, "sub-011": {"loss": 1.1550331115722656, "acc": 0.5493341684341431}, "sub-031": {"loss": 0.37508073449134827, "acc": 0.8520569801330566}, "sub-050": {"loss": 1.6012150049209595, "acc": 0.37919461727142334}, "sub-040": {"loss": 0.9228637218475342, "acc": 0.6468189358711243}, "sub-002": {"loss": 0.6919416189193726, "acc": 0.73591548204422}, "sub-005": {"loss": 0.7865888476371765, "acc": 0.6849132180213928}, "sub-070": {"loss": 0.5851684808731079, "acc": 0.7531298995018005}, "sub-013": {"loss": 0.5024731755256653, "acc": 0.8026634454727173}, "sub-064": {"loss": 1.013673186302185, "acc": 0.5923317670822144}, "sub-079": {"loss": 1.04136323928833, "acc": 0.5586917400360107}, "sub-063": {"loss": 0.979426920413971, "acc": 0.6107198596000671}, "sub-016": {"loss": 0.9199461340904236, "acc": 0.6322638988494873}, "sub-036": {"loss": 0.6776936054229736, "acc": 0.7355982065200806}, "sub-056": {"loss": 1.1066641807556152, "acc": 0.5565420389175415}, "sub-047": {"loss": 0.6046136021614075, "acc": 0.7542517185211182}, "sub-074": {"loss": 0.5950972437858582, "acc": 0.7673041820526123}, "sub-015": {"loss": 0.8454027771949768, "acc": 0.6449757814407349}, "sub-024": {"loss": 0.866191565990448, "acc": 0.6310532689094543}, "sub-075": {"loss": 0.5829582810401917, "acc": 0.7682149410247803}, "sub-003": {"loss": 0.5561256408691406, "acc": 0.7902542352676392}, "sub-066": {"loss": 1.0028302669525146, "acc": 0.5880281925201416}, "sub-037": {"loss": 0.7084892392158508, "acc": 0.7292006611824036}, "sub-055": {"loss": 0.7254661917686462, "acc": 0.6799065470695496}, "sub-021": {"loss": 1.1565452814102173, "acc": 0.5128834247589111}, "sub-035": {"loss": 1.0982824563980103, "acc": 0.5524372458457947}, "sub-065": {"loss": 1.0345646142959595, "acc": 0.5841158032417297}, "sub-020": {"loss": 0.4702860414981842, "acc": 0.8314393758773804}, "sub-076": {"loss": 0.9731528759002686, "acc": 0.5910747051239014}, "sub-006": {"loss": 0.5599502325057983, "acc": 0.7726351618766785}, "sub-001": {"loss": 0.6582517623901367, "acc": 0.7430387139320374}, "sub-032": {"loss": 0.5150435566902161, "acc": 0.7847119569778442}, "sub-081": {"loss": 1.3825491666793823, "acc": 0.38856589794158936}, "sub-045": {"loss": 0.8305372595787048, "acc": 0.6623134613037109}, "sub-078": {"loss": 0.6493946313858032, "acc": 0.7472677826881409}, "sub-012": {"loss": 1.1393253803253174, "acc": 0.5281476974487305}, "sub-052": {"loss": 0.6614503860473633, "acc": 0.7037383317947388}, "sub-008": {"loss": 0.5834578275680542, "acc": 0.7651331424713135}, "sub-017": {"loss": 0.8145110011100769, "acc": 0.6982758641242981}, "sub-080": {"loss": 0.5893203616142273, "acc": 0.7656810283660889}, "sub-030": {"loss": 0.840763509273529, "acc": 0.6518987417221069}, "sub-027": {"loss": 0.43799513578414917, "acc": 0.8310917615890503}, "sub-044": {"loss": 0.2459164559841156, "acc": 0.9006530046463013}, "sub-058": {"loss": 0.4933805763721466, "acc": 0.8093289732933044}, "sub-085": {"loss": 0.48927536606788635, "acc": 0.8136200904846191}, "sub-067": {"loss": 1.0883692502975464, "acc": 0.5641627311706543}, "sub-010": {"loss": 0.8999865651130676, "acc": 0.6316586136817932}, "sub-041": {"loss": 0.8518053293228149, "acc": 0.6427406072616577}, "sub-028": {"loss": 0.521596372127533, "acc": 0.7856012582778931}, "sub-061": {"loss": 0.7227013111114502, "acc": 0.7254500985145569}, "sub-046": {"loss": 0.8147112131118774, "acc": 0.6655783653259277}, "sub-057": {"loss": 0.6368187069892883, "acc": 0.7540916800498962}, "sub-051": {"loss": 1.1826978921890259, "acc": 0.49906542897224426}}