{"sub-082": {"loss": 2.022624969482422, "acc": 0.36237818002700806}, "sub-007": {"loss": 2.0314788818359375, "acc": 0.36787497997283936}, "sub-004": {"loss": 2.2971603870391846, "acc": 0.300595223903656}, "sub-025": {"loss": 1.5855838060379028, "acc": 0.48109516501426697}, "sub-077": {"loss": 2.5893726348876953, "acc": 0.16576771438121796}, "sub-009": {"loss": 1.3341032266616821, "acc": 0.5235093235969543}, "sub-071": {"loss": 2.152859926223755, "acc": 0.2887527644634247}, "sub-033": {"loss": 2.042739152908325, "acc": 0.35305434465408325}, "sub-042": {"loss": 1.305484414100647, "acc": 0.5800106525421143}, "sub-026": {"loss": 1.8583709001541138, "acc": 0.38718152046203613}, "sub-062": {"loss": 2.0620059967041016, "acc": 0.3335111141204834}, "sub-038": {"loss": 1.734704852104187, "acc": 0.401559442281723}, "sub-084": {"loss": 1.6432651281356812, "acc": 0.43820661306381226}, "sub-043": {"loss": 1.6993416547775269, "acc": 0.4234343469142914}, "sub-019": {"loss": 1.5691344738006592, "acc": 0.47346991300582886}, "sub-083": {"loss": 2.0686562061309814, "acc": 0.2892787456512451}, "sub-073": {"loss": 2.1276895999908447, "acc": 0.34581103920936584}, "sub-049": {"loss": 2.2376630306243896, "acc": 0.2894150912761688}, "sub-039": {"loss": 1.9743175506591797, "acc": 0.3485734462738037}, "sub-023": {"loss": 2.17732834815979, "acc": 0.3071817457675934}, "sub-060": {"loss": 2.378174066543579, "acc": 0.22839505970478058}, "sub-072": {"loss": 1.2014672756195068, "acc": 0.575361430644989}, "sub-059": {"loss": 1.74685537815094, "acc": 0.42044445872306824}, "sub-048": {"loss": 1.692481279373169, "acc": 0.4376278221607208}, "sub-034": {"loss": 2.060427665710449, "acc": 0.34503766894340515}, "sub-022": {"loss": 1.7831902503967285, "acc": 0.4091331362724304}, "sub-054": {"loss": 2.3283088207244873, "acc": 0.27706941962242126}, "sub-069": {"loss": 2.3549997806549072, "acc": 0.25897565484046936}, "sub-014": {"loss": 1.8436954021453857, "acc": 0.3788663148880005}, "sub-053": {"loss": 2.228881359100342, "acc": 0.2987249493598938}, "sub-018": {"loss": 1.916542410850525, "acc": 0.3670869469642639}, "sub-029": {"loss": 1.8591290712356567, "acc": 0.375}, "sub-068": {"loss": 2.077929973602295, "acc": 0.34286201000213623}, "sub-011": {"loss": 2.255143880844116, "acc": 0.3010244369506836}, "sub-031": {"loss": 1.2261797189712524, "acc": 0.5721544623374939}, "sub-050": {"loss": 3.138302803039551, "acc": 0.17102396488189697}, "sub-040": {"loss": 2.042259454727173, "acc": 0.3285486400127411}, "sub-002": {"loss": 1.7225794792175293, "acc": 0.44711416959762573}, "sub-005": {"loss": 1.9765733480453491, "acc": 0.3705635368824005}, "sub-070": {"loss": 1.6157304048538208, "acc": 0.45516419410705566}, "sub-013": {"loss": 1.4458280801773071, "acc": 0.5026267170906067}, "sub-064": {"loss": 2.1644999980926514, "acc": 0.30236515402793884}, "sub-079": {"loss": 2.250856399536133, "acc": 0.2890838086605072}, "sub-063": {"loss": 2.2433688640594482, "acc": 0.3287391662597656}, "sub-016": {"loss": 2.1779608726501465, "acc": 0.31954294443130493}, "sub-036": {"loss": 1.625879168510437, "acc": 0.4510181248188019}, "sub-056": {"loss": 2.4097445011138916, "acc": 0.26452136039733887}, "sub-047": {"loss": 1.664858102798462, "acc": 0.45367294549942017}, "sub-074": {"loss": 1.5987939834594727, "acc": 0.4711824059486389}, "sub-015": {"loss": 1.9317342042922974, "acc": 0.3963750898838043}, "sub-024": {"loss": 1.8464617729187012, "acc": 0.3812713325023651}, "sub-075": {"loss": 1.5984514951705933, "acc": 0.4583085775375366}, "sub-003": {"loss": 1.5701414346694946, "acc": 0.4847649037837982}, "sub-066": {"loss": 2.247515916824341, "acc": 0.28943338990211487}, "sub-037": {"loss": 1.8242722749710083, "acc": 0.4307992160320282}, "sub-055": {"loss": 1.824129581451416, "acc": 0.4102408289909363}, "sub-021": {"loss": 2.2881879806518555, "acc": 0.27412718534469604}, "sub-035": {"loss": 2.323828935623169, "acc": 0.28282827138900757}, "sub-065": {"loss": 2.243717670440674, "acc": 0.2923260033130646}, "sub-020": {"loss": 1.330257773399353, "acc": 0.5504602193832397}, "sub-076": {"loss": 2.2959024906158447, "acc": 0.30402058362960815}, "sub-006": {"loss": 1.5309770107269287, "acc": 0.5074757933616638}, "sub-001": {"loss": 1.770013689994812, "acc": 0.421329140663147}, "sub-032": {"loss": 1.4524850845336914, "acc": 0.5337501764297485}, "sub-081": {"loss": 2.5567708015441895, "acc": 0.20749157667160034}, "sub-045": {"loss": 1.9367095232009888, "acc": 0.34909090399742126}, "sub-078": {"loss": 1.6281763315200806, "acc": 0.4727668762207031}, "sub-012": {"loss": 2.2836382389068604, "acc": 0.24730759859085083}, "sub-052": {"loss": 1.6923218965530396, "acc": 0.4391823410987854}, "sub-008": {"loss": 1.62449312210083, "acc": 0.4549514055252075}, "sub-017": {"loss": 1.9019142389297485, "acc": 0.3673122525215149}, "sub-080": {"loss": 1.6385915279388428, "acc": 0.4479532241821289}, "sub-030": {"loss": 1.9052057266235352, "acc": 0.37635502219200134}, "sub-027": {"loss": 1.3418816328048706, "acc": 0.5062669515609741}, "sub-044": {"loss": 0.8882253170013428, "acc": 0.6834343671798706}, "sub-058": {"loss": 1.4901118278503418, "acc": 0.4988444447517395}, "sub-085": {"loss": 1.4005534648895264, "acc": 0.5124756097793579}, "sub-067": {"loss": 2.2990498542785645, "acc": 0.2877318263053894}, "sub-010": {"loss": 2.0864052772521973, "acc": 0.3367480933666229}, "sub-041": {"loss": 2.0378644466400146, "acc": 0.36026936769485474}, "sub-028": {"loss": 1.4715306758880615, "acc": 0.486619234085083}, "sub-061": {"loss": 1.753382682800293, "acc": 0.41742223501205444}, "sub-046": {"loss": 1.8519983291625977, "acc": 0.3971717059612274}, "sub-057": {"loss": 1.4945131540298462, "acc": 0.5262222290039062}, "sub-051": {"loss": 2.3011538982391357, "acc": 0.25541388988494873}}