{"sub-082": {"loss": 0.7390760779380798, "acc": 0.6965352296829224}, "sub-007": {"loss": 0.6427176594734192, "acc": 0.7267957925796509}, "sub-004": {"loss": 0.8865184187889099, "acc": 0.5985772609710693}, "sub-025": {"loss": 0.4309406578540802, "acc": 0.8446817994117737}, "sub-077": {"loss": 1.0718625783920288, "acc": 0.5016501545906067}, "sub-009": {"loss": 0.3192991018295288, "acc": 0.8853914737701416}, "sub-071": {"loss": 0.8166205286979675, "acc": 0.6171100735664368}, "sub-033": {"loss": 0.733761727809906, "acc": 0.6873461604118347}, "sub-042": {"loss": 0.3181874752044678, "acc": 0.8662316203117371}, "sub-026": {"loss": 0.54719477891922, "acc": 0.7732042074203491}, "sub-062": {"loss": 0.7685954570770264, "acc": 0.6863065958023071}, "sub-038": {"loss": 0.5652941465377808, "acc": 0.774877667427063}, "sub-084": {"loss": 0.543846607208252, "acc": 0.7825567722320557}, "sub-043": {"loss": 0.4927193224430084, "acc": 0.7935323119163513}, "sub-019": {"loss": 0.42766550183296204, "acc": 0.8256658315658569}, "sub-083": {"loss": 0.7400481104850769, "acc": 0.678016722202301}, "sub-073": {"loss": 0.7352237105369568, "acc": 0.6769884824752808}, "sub-049": {"loss": 0.7692813277244568, "acc": 0.649844229221344}, "sub-039": {"loss": 0.6791512370109558, "acc": 0.7025557160377502}, "sub-023": {"loss": 0.7748878002166748, "acc": 0.6478527784347534}, "sub-060": {"loss": 0.948296070098877, "acc": 0.5782828330993652}, "sub-072": {"loss": 0.2768683135509491, "acc": 0.8949605226516724}, "sub-059": {"loss": 0.5081039667129517, "acc": 0.7926895618438721}, "sub-048": {"loss": 0.4591566026210785, "acc": 0.8099231123924255}, "sub-034": {"loss": 0.6634370684623718, "acc": 0.7134416699409485}, "sub-022": {"loss": 0.5665472745895386, "acc": 0.7533742189407349}, "sub-054": {"loss": 0.8680127263069153, "acc": 0.6218068599700928}, "sub-069": {"loss": 0.8321543335914612, "acc": 0.649452269077301}, "sub-014": {"loss": 0.5688104033470154, "acc": 0.7595092058181763}, "sub-053": {"loss": 0.799646258354187, "acc": 0.636137068271637}, "sub-018": {"loss": 0.6361594796180725, "acc": 0.7397094368934631}, "sub-029": {"loss": 0.5766119360923767, "acc": 0.7463080286979675}, "sub-068": {"loss": 0.6898162961006165, "acc": 0.711006760597229}, "sub-011": {"loss": 0.872911810874939, "acc": 0.6444713473320007}, "sub-031": {"loss": 0.2760067582130432, "acc": 0.8950421810150146}, "sub-050": {"loss": 1.2597156763076782, "acc": 0.47203579545021057}, "sub-040": {"loss": 0.6861609816551208, "acc": 0.7117999196052551}, "sub-002": {"loss": 0.5171217322349548, "acc": 0.8028169274330139}, "sub-005": {"loss": 0.582460343837738, "acc": 0.7708055377006531}, "sub-070": {"loss": 0.4530608057975769, "acc": 0.8231611847877502}, "sub-013": {"loss": 0.38692039251327515, "acc": 0.8486682772636414}, "sub-064": {"loss": 0.7736355662345886, "acc": 0.6598852276802063}, "sub-079": {"loss": 0.8468414545059204, "acc": 0.6391875743865967}, "sub-063": {"loss": 0.7481826543807983, "acc": 0.6687532663345337}, "sub-016": {"loss": 0.6835107803344727, "acc": 0.7037934064865112}, "sub-036": {"loss": 0.5223061442375183, "acc": 0.7749876976013184}, "sub-056": {"loss": 0.8601438999176025, "acc": 0.6373831629753113}, "sub-047": {"loss": 0.46504735946655273, "acc": 0.8225623369216919}, "sub-074": {"loss": 0.465415894985199, "acc": 0.809350311756134}, "sub-015": {"loss": 0.6366208791732788, "acc": 0.7235673666000366}, "sub-024": {"loss": 0.6033434271812439, "acc": 0.7497982382774353}, "sub-075": {"loss": 0.43808773159980774, "acc": 0.8275652527809143}, "sub-003": {"loss": 0.399544358253479, "acc": 0.8276836276054382}, "sub-066": {"loss": 0.7520087957382202, "acc": 0.6583203077316284}, "sub-037": {"loss": 0.5661919713020325, "acc": 0.7591081857681274}, "sub-055": {"loss": 0.5770097374916077, "acc": 0.7383177280426025}, "sub-021": {"loss": 0.8753988146781921, "acc": 0.5971370339393616}, "sub-035": {"loss": 0.8278159499168396, "acc": 0.6548498272895813}, "sub-065": {"loss": 0.8673990964889526, "acc": 0.6463223695755005}, "sub-020": {"loss": 0.35773324966430664, "acc": 0.8525252342224121}, "sub-076": {"loss": 0.7855550050735474, "acc": 0.6642380356788635}, "sub-006": {"loss": 0.3859134614467621, "acc": 0.8414414525032043}, "sub-001": {"loss": 0.5112127661705017, "acc": 0.780064582824707}, "sub-032": {"loss": 0.4181327819824219, "acc": 0.8291481733322144}, "sub-081": {"loss": 1.1062114238739014, "acc": 0.49354004859924316}, "sub-045": {"loss": 0.6671054363250732, "acc": 0.7220149040222168}, "sub-078": {"loss": 0.4787819981575012, "acc": 0.813600480556488}, "sub-012": {"loss": 0.8985573053359985, "acc": 0.6029055714607239}, "sub-052": {"loss": 0.48496052622795105, "acc": 0.8024922013282776}, "sub-008": {"loss": 0.4218346178531647, "acc": 0.8188055157661438}, "sub-017": {"loss": 0.5888491272926331, "acc": 0.7272727489471436}, "sub-080": {"loss": 0.4933378994464874, "acc": 0.7879331111907959}, "sub-030": {"loss": 0.6168606281280518, "acc": 0.7236286997795105}, "sub-027": {"loss": 0.3584604561328888, "acc": 0.852320671081543}, "sub-044": {"loss": 0.19947746396064758, "acc": 0.9203979969024658}, "sub-058": {"loss": 0.4003773331642151, "acc": 0.8325150012969971}, "sub-085": {"loss": 0.34937340021133423, "acc": 0.8721624612808228}, "sub-067": {"loss": 0.8217281103134155, "acc": 0.6390193104743958}, "sub-010": {"loss": 0.6653672456741333, "acc": 0.728410005569458}, "sub-041": {"loss": 0.6630339026451111, "acc": 0.7188689708709717}, "sub-028": {"loss": 0.36641210317611694, "acc": 0.8597046136856079}, "sub-061": {"loss": 0.526633620262146, "acc": 0.7643207907676697}, "sub-046": {"loss": 0.6030129790306091, "acc": 0.7444030046463013}, "sub-057": {"loss": 0.4686926603317261, "acc": 0.8226950168609619}, "sub-051": {"loss": 0.9119530916213989, "acc": 0.5595015287399292}}