{"sub-082": {"loss": 0.9436666369438171, "acc": 0.6035087704658508}, "sub-007": {"loss": 0.9140516519546509, "acc": 0.6331757307052612}, "sub-004": {"loss": 1.20315420627594, "acc": 0.5396825671195984}, "sub-025": {"loss": 0.6892997622489929, "acc": 0.7270751595497131}, "sub-077": {"loss": 1.345292091369629, "acc": 0.4358144700527191}, "sub-009": {"loss": 0.5360585451126099, "acc": 0.7797478437423706}, "sub-071": {"loss": 0.9906803965568542, "acc": 0.5518121719360352}, "sub-033": {"loss": 0.9863559603691101, "acc": 0.6123136281967163}, "sub-042": {"loss": 0.581571638584137, "acc": 0.7713981866836548}, "sub-026": {"loss": 0.8302068114280701, "acc": 0.6579984426498413}, "sub-062": {"loss": 0.9866719841957092, "acc": 0.6047999858856201}, "sub-038": {"loss": 0.825343906879425, "acc": 0.6544391512870789}, "sub-084": {"loss": 0.800954282283783, "acc": 0.6690058708190918}, "sub-043": {"loss": 0.6830692291259766, "acc": 0.6969696879386902}, "sub-019": {"loss": 0.6554773449897766, "acc": 0.7226162552833557}, "sub-083": {"loss": 0.9056339263916016, "acc": 0.6280701756477356}, "sub-073": {"loss": 0.9788180589675903, "acc": 0.613784909248352}, "sub-049": {"loss": 1.1459771394729614, "acc": 0.5561627149581909}, "sub-039": {"loss": 0.914030909538269, "acc": 0.607123851776123}, "sub-023": {"loss": 0.9526839852333069, "acc": 0.602150559425354}, "sub-060": {"loss": 1.1728469133377075, "acc": 0.5246913433074951}, "sub-072": {"loss": 0.5145881175994873, "acc": 0.7914438247680664}, "sub-059": {"loss": 0.7529327869415283, "acc": 0.6938666701316833}, "sub-048": {"loss": 0.844617486000061, "acc": 0.6578050255775452}, "sub-034": {"loss": 0.9188734889030457, "acc": 0.6272246241569519}, "sub-022": {"loss": 0.8684117197990417, "acc": 0.6702508926391602}, "sub-054": {"loss": 1.1096887588500977, "acc": 0.568306028842926}, "sub-069": {"loss": 1.131277322769165, "acc": 0.5400714874267578}, "sub-014": {"loss": 0.8679425716400146, "acc": 0.6419752836227417}, "sub-053": {"loss": 1.080195665359497, "acc": 0.565270185470581}, "sub-018": {"loss": 0.9045558571815491, "acc": 0.6576043963432312}, "sub-029": {"loss": 0.8021209836006165, "acc": 0.6620935201644897}, "sub-068": {"loss": 0.9081975817680359, "acc": 0.631955087184906}, "sub-011": {"loss": 1.1963660717010498, "acc": 0.552403450012207}, "sub-031": {"loss": 0.5477343201637268, "acc": 0.7728658318519592}, "sub-050": {"loss": 1.5968396663665771, "acc": 0.43028321862220764}, "sub-040": {"loss": 1.0103563070297241, "acc": 0.6065922379493713}, "sub-002": {"loss": 0.7772578597068787, "acc": 0.7032799124717712}, "sub-005": {"loss": 0.9714111685752869, "acc": 0.6093003153800964}, "sub-070": {"loss": 0.6993296146392822, "acc": 0.7064828872680664}, "sub-013": {"loss": 0.6345068216323853, "acc": 0.7486209869384766}, "sub-064": {"loss": 1.020285964012146, "acc": 0.5681470036506653}, "sub-079": {"loss": 1.0402125120162964, "acc": 0.5847952961921692}, "sub-063": {"loss": 1.0059672594070435, "acc": 0.6084737181663513}, "sub-016": {"loss": 0.9970828890800476, "acc": 0.6048069596290588}, "sub-036": {"loss": 0.7185587882995605, "acc": 0.716690719127655}, "sub-056": {"loss": 1.2100673913955688, "acc": 0.5300546288490295}, "sub-047": {"loss": 0.7180166840553284, "acc": 0.7176079750061035}, "sub-074": {"loss": 0.6631392240524292, "acc": 0.7397504448890686}, "sub-015": {"loss": 0.8929097056388855, "acc": 0.6386919021606445}, "sub-024": {"loss": 0.8593555688858032, "acc": 0.6501182317733765}, "sub-075": {"loss": 0.6768253445625305, "acc": 0.7058823704719543}, "sub-003": {"loss": 0.6470046639442444, "acc": 0.7628053426742554}, "sub-066": {"loss": 1.001798391342163, "acc": 0.601837694644928}, "sub-037": {"loss": 0.762294590473175, "acc": 0.6937798857688904}, "sub-055": {"loss": 0.7779123187065125, "acc": 0.6697024703025818}, "sub-021": {"loss": 1.1556025743484497, "acc": 0.5336519479751587}, "sub-035": {"loss": 1.0678470134735107, "acc": 0.5709475874900818}, "sub-065": {"loss": 1.1305603981018066, "acc": 0.5671260952949524}, "sub-020": {"loss": 0.5599148273468018, "acc": 0.7830374836921692}, "sub-076": {"loss": 1.1581703424453735, "acc": 0.5436720252037048}, "sub-006": {"loss": 0.6307861804962158, "acc": 0.7581354379653931}, "sub-001": {"loss": 0.7569221258163452, "acc": 0.6765169501304626}, "sub-032": {"loss": 0.5933884978294373, "acc": 0.7710437774658203}, "sub-081": {"loss": 1.3337960243225098, "acc": 0.4204545319080353}, "sub-045": {"loss": 0.9076843857765198, "acc": 0.6242424249649048}, "sub-078": {"loss": 0.7057381868362427, "acc": 0.6868686676025391}, "sub-012": {"loss": 1.1572376489639282, "acc": 0.5267927646636963}, "sub-052": {"loss": 0.7218266129493713, "acc": 0.686703085899353}, "sub-008": {"loss": 0.7066301107406616, "acc": 0.7064617872238159}, "sub-017": {"loss": 0.8743813037872314, "acc": 0.6574923396110535}, "sub-080": {"loss": 0.7496283054351807, "acc": 0.6853801012039185}, "sub-030": {"loss": 0.8448477983474731, "acc": 0.6463414430618286}, "sub-027": {"loss": 0.5459133982658386, "acc": 0.7784552574157715}, "sub-044": {"loss": 0.3593015670776367, "acc": 0.8618181943893433}, "sub-058": {"loss": 0.6146841645240784, "acc": 0.7311999797821045}, "sub-085": {"loss": 0.5826237797737122, "acc": 0.7695906162261963}, "sub-067": {"loss": 1.1074270009994507, "acc": 0.5732516646385193}, "sub-010": {"loss": 0.9655779004096985, "acc": 0.6379038691520691}, "sub-041": {"loss": 1.0005038976669312, "acc": 0.6140350699424744}, "sub-028": {"loss": 0.6216816902160645, "acc": 0.7215447425842285}, "sub-061": {"loss": 0.7514788508415222, "acc": 0.7013333439826965}, "sub-046": {"loss": 0.8309828639030457, "acc": 0.6569697260856628}, "sub-057": {"loss": 0.6854263544082642, "acc": 0.7152000069618225}, "sub-051": {"loss": 1.1298205852508545, "acc": 0.503339409828186}}