{"sub-082": {"loss": 1.4453332424163818, "acc": 0.4694736897945404}, "sub-007": {"loss": 1.45663583278656, "acc": 0.5073286294937134}, "sub-004": {"loss": 1.6474502086639404, "acc": 0.4000000059604645}, "sub-025": {"loss": 1.0695607662200928, "acc": 0.6033898591995239}, "sub-077": {"loss": 1.8442604541778564, "acc": 0.2822006344795227}, "sub-009": {"loss": 0.906432032585144, "acc": 0.6581560373306274}, "sub-071": {"loss": 1.5176573991775513, "acc": 0.4104134738445282}, "sub-033": {"loss": 1.4619863033294678, "acc": 0.46666666865348816}, "sub-042": {"loss": 0.8175768852233887, "acc": 0.6854864358901978}, "sub-026": {"loss": 1.3199548721313477, "acc": 0.5203309655189514}, "sub-062": {"loss": 1.5324881076812744, "acc": 0.4540799856185913}, "sub-038": {"loss": 1.249550700187683, "acc": 0.5240829586982727}, "sub-084": {"loss": 1.1225669384002686, "acc": 0.5771929621696472}, "sub-043": {"loss": 1.1549800634384155, "acc": 0.5578181743621826}, "sub-019": {"loss": 1.0318251848220825, "acc": 0.6208037734031677}, "sub-083": {"loss": 1.4771502017974854, "acc": 0.4203508794307709}, "sub-073": {"loss": 1.606441855430603, "acc": 0.4285205006599426}, "sub-049": {"loss": 1.6075634956359863, "acc": 0.4207650125026703}, "sub-039": {"loss": 1.4428633451461792, "acc": 0.4816586971282959}, "sub-023": {"loss": 1.5314385890960693, "acc": 0.4415770471096039}, "sub-060": {"loss": 1.7198578119277954, "acc": 0.3562963008880615}, "sub-072": {"loss": 0.842093825340271, "acc": 0.6816399097442627}, "sub-059": {"loss": 1.199303388595581, "acc": 0.5776000022888184}, "sub-048": {"loss": 1.2199503183364868, "acc": 0.5443762540817261}, "sub-034": {"loss": 1.489479660987854, "acc": 0.4767676889896393}, "sub-022": {"loss": 1.2221943140029907, "acc": 0.5419355034828186}, "sub-054": {"loss": 1.7312414646148682, "acc": 0.3967213034629822}, "sub-069": {"loss": 1.695068597793579, "acc": 0.4199081063270569}, "sub-014": {"loss": 1.249720573425293, "acc": 0.5280764698982239}, "sub-053": {"loss": 1.5889097452163696, "acc": 0.43642985820770264}, "sub-018": {"loss": 1.3290984630584717, "acc": 0.5182033181190491}, "sub-029": {"loss": 1.2318118810653687, "acc": 0.5384146571159363}, "sub-068": {"loss": 1.4292768239974976, "acc": 0.49310871958732605}, "sub-011": {"loss": 1.6923123598098755, "acc": 0.4347517788410187}, "sub-031": {"loss": 0.8332111835479736, "acc": 0.7030487656593323}, "sub-050": {"loss": 2.2825896739959717, "acc": 0.28692811727523804}, "sub-040": {"loss": 1.4575849771499634, "acc": 0.4708133935928345}, "sub-002": {"loss": 1.2016271352767944, "acc": 0.5679633617401123}, "sub-005": {"loss": 1.4209764003753662, "acc": 0.4834419786930084}, "sub-070": {"loss": 1.1288201808929443, "acc": 0.5908116102218628}, "sub-013": {"loss": 0.919719398021698, "acc": 0.6460992693901062}, "sub-064": {"loss": 1.5843805074691772, "acc": 0.4153139293193817}, "sub-079": {"loss": 1.6566803455352783, "acc": 0.4354386031627655}, "sub-063": {"loss": 1.6190094947814941, "acc": 0.4425727427005768}, "sub-016": {"loss": 1.5340430736541748, "acc": 0.44609928131103516}, "sub-036": {"loss": 1.1217399835586548, "acc": 0.6014429926872253}, "sub-056": {"loss": 1.8189564943313599, "acc": 0.36976319551467896}, "sub-047": {"loss": 1.1417369842529297, "acc": 0.590365469455719}, "sub-074": {"loss": 1.1315569877624512, "acc": 0.5746880769729614}, "sub-015": {"loss": 1.3893405199050903, "acc": 0.5215129852294922}, "sub-024": {"loss": 1.327284574508667, "acc": 0.48794326186180115}, "sub-075": {"loss": 1.1277638673782349, "acc": 0.5757575631141663}, "sub-003": {"loss": 1.0593125820159912, "acc": 0.6156028509140015}, "sub-066": {"loss": 1.5598586797714233, "acc": 0.44012251496315}, "sub-037": {"loss": 1.2639397382736206, "acc": 0.5365231037139893}, "sub-055": {"loss": 1.2290725708007812, "acc": 0.5573770403862}, "sub-021": {"loss": 1.6915642023086548, "acc": 0.38781362771987915}, "sub-035": {"loss": 1.6919028759002686, "acc": 0.403463214635849}, "sub-065": {"loss": 1.668143391609192, "acc": 0.4214394986629486}, "sub-020": {"loss": 0.8861243724822998, "acc": 0.6866863965988159}, "sub-076": {"loss": 1.6461193561553955, "acc": 0.4424242377281189}, "sub-006": {"loss": 1.0060796737670898, "acc": 0.6295514702796936}, "sub-001": {"loss": 1.2207057476043701, "acc": 0.5609928965568542}, "sub-032": {"loss": 0.9775799512863159, "acc": 0.6300144195556641}, "sub-081": {"loss": 1.8429088592529297, "acc": 0.29318180680274963}, "sub-045": {"loss": 1.3755308389663696, "acc": 0.4938181936740875}, "sub-078": {"loss": 1.1515508890151978, "acc": 0.5636363625526428}, "sub-012": {"loss": 1.646207332611084, "acc": 0.37730497121810913}, "sub-052": {"loss": 1.1907769441604614, "acc": 0.5712203979492188}, "sub-008": {"loss": 1.1070027351379395, "acc": 0.5976359248161316}, "sub-017": {"loss": 1.2795486450195312, "acc": 0.5547400712966919}, "sub-080": {"loss": 1.1456924676895142, "acc": 0.5807017683982849}, "sub-030": {"loss": 1.3408715724945068, "acc": 0.5140243768692017}, "sub-027": {"loss": 0.92124342918396, "acc": 0.6402438879013062}, "sub-044": {"loss": 0.5603881478309631, "acc": 0.7814545631408691}, "sub-058": {"loss": 0.9369989037513733, "acc": 0.6390399932861328}, "sub-085": {"loss": 0.9289551377296448, "acc": 0.6505263447761536}, "sub-067": {"loss": 1.6283462047576904, "acc": 0.43399694561958313}, "sub-010": {"loss": 1.4696004390716553, "acc": 0.4756501317024231}, "sub-041": {"loss": 1.4441722631454468, "acc": 0.4829346239566803}, "sub-028": {"loss": 1.0070699453353882, "acc": 0.6036585569381714}, "sub-061": {"loss": 1.2074240446090698, "acc": 0.5568000078201294}, "sub-046": {"loss": 1.3269739151000977, "acc": 0.48072728514671326}, "sub-057": {"loss": 1.0410234928131104, "acc": 0.6105599999427795}, "sub-051": {"loss": 1.7058442831039429, "acc": 0.3857923448085785}}