{"sub-082": {"loss": 1.2065951824188232, "acc": 0.5350877046585083}, "sub-007": {"loss": 1.1641336679458618, "acc": 0.5729905366897583}, "sub-004": {"loss": 1.3989359140396118, "acc": 0.4605654776096344}, "sub-025": {"loss": 0.9284802675247192, "acc": 0.6401564478874207}, "sub-077": {"loss": 1.6130753755569458, "acc": 0.33414238691329956}, "sub-009": {"loss": 0.7122747302055359, "acc": 0.7112883925437927}, "sub-071": {"loss": 1.292880654335022, "acc": 0.47588056325912476}, "sub-033": {"loss": 1.280234456062317, "acc": 0.5183982849121094}, "sub-042": {"loss": 0.749574601650238, "acc": 0.7029505372047424}, "sub-026": {"loss": 1.1359891891479492, "acc": 0.5889480113983154}, "sub-062": {"loss": 1.2803820371627808, "acc": 0.5008000135421753}, "sub-038": {"loss": 1.0242527723312378, "acc": 0.5869218707084656}, "sub-084": {"loss": 1.0270452499389648, "acc": 0.5859649181365967}, "sub-043": {"loss": 0.9653526544570923, "acc": 0.6381818056106567}, "sub-019": {"loss": 0.8328290581703186, "acc": 0.6740543842315674}, "sub-083": {"loss": 1.2545726299285889, "acc": 0.4868420958518982}, "sub-073": {"loss": 1.3727447986602783, "acc": 0.48618537187576294}, "sub-049": {"loss": 1.3269532918930054, "acc": 0.4968123733997345}, "sub-039": {"loss": 1.2115288972854614, "acc": 0.5494418144226074}, "sub-023": {"loss": 1.27822744846344, "acc": 0.534647524356842}, "sub-060": {"loss": 1.4663816690444946, "acc": 0.4342592656612396}, "sub-072": {"loss": 0.6524134278297424, "acc": 0.7379679083824158}, "sub-059": {"loss": 1.0224254131317139, "acc": 0.602400004863739}, "sub-048": {"loss": 0.9395790100097656, "acc": 0.626789391040802}, "sub-034": {"loss": 1.296621561050415, "acc": 0.523809552192688}, "sub-022": {"loss": 1.0880186557769775, "acc": 0.5964754819869995}, "sub-054": {"loss": 1.4834375381469727, "acc": 0.48406192660331726}, "sub-069": {"loss": 1.3965024948120117, "acc": 0.4555895924568176}, "sub-014": {"loss": 1.0698211193084717, "acc": 0.575866162776947}, "sub-053": {"loss": 1.3260267972946167, "acc": 0.5027322173118591}, "sub-018": {"loss": 1.1269185543060303, "acc": 0.591312050819397}, "sub-029": {"loss": 1.1241694688796997, "acc": 0.5537347793579102}, "sub-068": {"loss": 1.232835292816162, "acc": 0.5359877347946167}, "sub-011": {"loss": 1.4490567445755005, "acc": 0.47429078817367554}, "sub-031": {"loss": 0.7348748445510864, "acc": 0.7176067233085632}, "sub-050": {"loss": 2.152245044708252, "acc": 0.3611111044883728}, "sub-040": {"loss": 1.290493130683899, "acc": 0.5195375084877014}, "sub-002": {"loss": 1.0150963068008423, "acc": 0.6258581280708313}, "sub-005": {"loss": 1.2524054050445557, "acc": 0.5325945019721985}, "sub-070": {"loss": 0.9396809339523315, "acc": 0.6443338394165039}, "sub-013": {"loss": 0.7327384948730469, "acc": 0.7242907881736755}, "sub-064": {"loss": 1.353858232498169, "acc": 0.4724349081516266}, "sub-079": {"loss": 1.3832359313964844, "acc": 0.46710526943206787}, "sub-063": {"loss": 1.3054336309432983, "acc": 0.5080398321151733}, "sub-016": {"loss": 1.3037337064743042, "acc": 0.5153664350509644}, "sub-036": {"loss": 0.9569070935249329, "acc": 0.630591630935669}, "sub-056": {"loss": 1.4508551359176636, "acc": 0.4799635708332062}, "sub-047": {"loss": 0.903827428817749, "acc": 0.64991694688797}, "sub-074": {"loss": 0.9645372629165649, "acc": 0.6265597343444824}, "sub-015": {"loss": 1.2178890705108643, "acc": 0.5514184236526489}, "sub-024": {"loss": 1.1245574951171875, "acc": 0.5452127456665039}, "sub-075": {"loss": 0.9564299583435059, "acc": 0.647504448890686}, "sub-003": {"loss": 0.8816044926643372, "acc": 0.6802600622177124}, "sub-066": {"loss": 1.3484810590744019, "acc": 0.49693721532821655}, "sub-037": {"loss": 1.0988554954528809, "acc": 0.6052631735801697}, "sub-055": {"loss": 1.0725969076156616, "acc": 0.5846994519233704}, "sub-021": {"loss": 1.4018362760543823, "acc": 0.46833929419517517}, "sub-035": {"loss": 1.3810940980911255, "acc": 0.4953102469444275}, "sub-065": {"loss": 1.379008173942566, "acc": 0.49425727128982544}, "sub-020": {"loss": 0.766923725605011, "acc": 0.7156065106391907}, "sub-076": {"loss": 1.3868383169174194, "acc": 0.5004456043243408}, "sub-006": {"loss": 0.9011496305465698, "acc": 0.684366762638092}, "sub-001": {"loss": 1.0782357454299927, "acc": 0.6078605055809021}, "sub-032": {"loss": 0.8039685487747192, "acc": 0.6605339050292969}, "sub-081": {"loss": 1.6267962455749512, "acc": 0.3645833432674408}, "sub-045": {"loss": 1.1493754386901855, "acc": 0.5699999928474426}, "sub-078": {"loss": 0.9612273573875427, "acc": 0.6377005577087402}, "sub-012": {"loss": 1.4309940338134766, "acc": 0.44976359605789185}, "sub-052": {"loss": 0.9984245300292969, "acc": 0.618852436542511}, "sub-008": {"loss": 0.9065531492233276, "acc": 0.6471630930900574}, "sub-017": {"loss": 1.2197297811508179, "acc": 0.574923574924469}, "sub-080": {"loss": 0.9948385953903198, "acc": 0.6228070259094238}, "sub-030": {"loss": 1.110843300819397, "acc": 0.5518292784690857}, "sub-027": {"loss": 0.7470024824142456, "acc": 0.6962652206420898}, "sub-044": {"loss": 0.44708219170570374, "acc": 0.8236363530158997}, "sub-058": {"loss": 0.8576207756996155, "acc": 0.6460000276565552}, "sub-085": {"loss": 0.7960802316665649, "acc": 0.7087719440460205}, "sub-067": {"loss": 1.322069525718689, "acc": 0.4804747402667999}, "sub-010": {"loss": 1.2124487161636353, "acc": 0.5546690225601196}, "sub-041": {"loss": 1.222703218460083, "acc": 0.5390749573707581}, "sub-028": {"loss": 0.799153745174408, "acc": 0.6928353905677795}, "sub-061": {"loss": 1.0525683164596558, "acc": 0.6000000238418579}, "sub-046": {"loss": 1.0514318943023682, "acc": 0.5790908932685852}, "sub-057": {"loss": 0.9112918972969055, "acc": 0.6579999923706055}, "sub-051": {"loss": 1.4497319459915161, "acc": 0.39116576313972473}}