epoch,acc,loss,val_acc,val_loss
0,0.5091601014137268,0.39276358485221863,0.46618038415908813,0.4559383988380432
