{"sub-042": {"loss": 0.356414258480072, "acc": 0.8673191666603088}, "sub-030": {"loss": 0.6553145051002502, "acc": 0.7136076092720032}, "sub-072": {"loss": 0.31372877955436707, "acc": 0.8767455816268921}, "sub-028": {"loss": 0.38790780305862427, "acc": 0.8607594966888428}, "sub-056": {"loss": 0.8363101482391357, "acc": 0.6380062103271484}, "sub-025": {"loss": 0.47556376457214355, "acc": 0.7952826023101807}, "sub-015": {"loss": 0.6790971159934998, "acc": 0.7191283106803894}, "sub-075": {"loss": 0.47439372539520264, "acc": 0.816636323928833}, "sub-080": {"loss": 0.4666626751422882, "acc": 0.8028674125671387}, "sub-060": {"loss": 0.9503079056739807, "acc": 0.5896464586257935}, "sub-013": {"loss": 0.35286852717399597, "acc": 0.8668280839920044}, "sub-041": {"loss": 0.6307511329650879, "acc": 0.7357259392738342}, "sub-008": {"loss": 0.3951461911201477, "acc": 0.834140419960022}, "sub-061": {"loss": 0.6084046363830566, "acc": 0.7528641819953918}, "sub-022": {"loss": 0.6489174962043762, "acc": 0.7255623936653137}, "sub-010": {"loss": 0.7259952425956726, "acc": 0.6989507675170898}, "sub-035": {"loss": 0.8973755836486816, "acc": 0.6006892919540405}, "sub-062": {"loss": 0.7485471963882446, "acc": 0.6683033108711243}, "sub-067": {"loss": 0.6885009407997131, "acc": 0.7172665596008301}, "sub-047": {"loss": 0.5606933832168579, "acc": 0.7573696374893188}, "sub-005": {"loss": 0.5644422173500061, "acc": 0.7605696320533752}, "sub-003": {"loss": 0.4318307638168335, "acc": 0.8200161457061768}, "sub-002": {"loss": 0.5705605745315552, "acc": 0.76408451795578}, "sub-004": {"loss": 0.8632766008377075, "acc": 0.6219512224197388}, "sub-045": {"loss": 0.6601972579956055, "acc": 0.7475124597549438}, "sub-023": {"loss": 0.7211005687713623, "acc": 0.6887525320053101}, "sub-052": {"loss": 0.6029947400093079, "acc": 0.7283489108085632}, "sub-027": {"loss": 0.3756566047668457, "acc": 0.8354430198669434}, "sub-039": {"loss": 0.5675172805786133, "acc": 0.7656335234642029}, "sub-051": {"loss": 1.0891249179840088, "acc": 0.5115264654159546}, "sub-083": {"loss": 0.654429018497467, "acc": 0.7204301357269287}, "sub-068": {"loss": 0.7207534313201904, "acc": 0.7240480184555054}, "sub-011": {"loss": 0.8793779611587524, "acc": 0.6263115406036377}, "sub-014": {"loss": 0.6342182159423828, "acc": 0.7349693179130554}, "sub-049": {"loss": 0.8581008911132812, "acc": 0.6355140209197998}, "sub-031": {"loss": 0.326567143201828, "acc": 0.8581223487854004}, "sub-048": {"loss": 0.5863363146781921, "acc": 0.7456324100494385}, "sub-057": {"loss": 0.5279279947280884, "acc": 0.7855973839759827}, "sub-016": {"loss": 0.7579696774482727, "acc": 0.6743341684341431}, "sub-076": {"loss": 0.8035012483596802, "acc": 0.6575592160224915}, "sub-024": {"loss": 0.5808946490287781, "acc": 0.7441484928131104}, "sub-043": {"loss": 0.5668900609016418, "acc": 0.7699005007743835}, "sub-020": {"loss": 0.35578224062919617, "acc": 0.8393939137458801}, "sub-077": {"loss": 1.0115100145339966, "acc": 0.5456545948982239}, "sub-018": {"loss": 0.6707042455673218, "acc": 0.7243744730949402}, "sub-012": {"loss": 1.0131932497024536, "acc": 0.534705400466919}, "sub-033": {"loss": 0.6376966834068298, "acc": 0.7346134781837463}, "sub-054": {"loss": 0.8638802766799927, "acc": 0.6224299073219299}, "sub-032": {"loss": 0.4019162654876709, "acc": 0.8345642685890198}, "sub-007": {"loss": 0.7099786996841431, "acc": 0.7066182494163513}, "sub-059": {"loss": 0.5623455047607422, "acc": 0.7583196759223938}, "sub-082": {"loss": 0.8207213878631592, "acc": 0.6272401213645935}, "sub-019": {"loss": 0.47499513626098633, "acc": 0.8071025013923645}, "sub-073": {"loss": 0.643395721912384, "acc": 0.7431694269180298}, "sub-006": {"loss": 0.42040136456489563, "acc": 0.820270299911499}, "sub-070": {"loss": 0.5084574222564697, "acc": 0.7636932730674744}, "sub-066": {"loss": 0.8775687217712402, "acc": 0.6259781122207642}, "sub-029": {"loss": 0.60899418592453, "acc": 0.7362869381904602}, "sub-034": {"loss": 0.7221693396568298, "acc": 0.7031019330024719}, "sub-026": {"loss": 0.6818965673446655, "acc": 0.690879762172699}, "sub-017": {"loss": 0.7344083189964294, "acc": 0.690700113773346}, "sub-055": {"loss": 0.586408257484436, "acc": 0.7389408349990845}, "sub-078": {"loss": 0.49898746609687805, "acc": 0.7850637435913086}, "sub-001": {"loss": 0.5188412070274353, "acc": 0.7982243895530701}, "sub-069": {"loss": 0.8787254095077515, "acc": 0.6296296119689941}, "sub-058": {"loss": 0.4513368010520935, "acc": 0.8074195384979248}, "sub-053": {"loss": 0.8344544768333435, "acc": 0.6124610304832458}, "sub-085": {"loss": 0.41879111528396606, "acc": 0.8279569745063782}, "sub-071": {"loss": 0.8030586838722229, "acc": 0.6207616329193115}, "sub-036": {"loss": 0.48254358768463135, "acc": 0.8055145144462585}, "sub-040": {"loss": 0.7377015948295593, "acc": 0.6786296963691711}, "sub-064": {"loss": 0.815935492515564, "acc": 0.6160667538642883}, "sub-074": {"loss": 0.4482732117176056, "acc": 0.7941712141036987}, "sub-081": {"loss": 0.8941874504089355, "acc": 0.5568475723266602}, "sub-079": {"loss": 0.7747655510902405, "acc": 0.6732377409934998}, "sub-038": {"loss": 0.5427674055099487, "acc": 0.7868406772613525}, "sub-084": {"loss": 0.48227500915527344, "acc": 0.7897251844406128}, "sub-009": {"loss": 0.3608500361442566, "acc": 0.8551251292228699}, "sub-063": {"loss": 0.7892294526100159, "acc": 0.6666666865348816}, "sub-046": {"loss": 0.6100091338157654, "acc": 0.7375621795654297}, "sub-037": {"loss": 0.6119512915611267, "acc": 0.7536704540252686}, "sub-050": {"loss": 1.255750298500061, "acc": 0.4899328947067261}, "sub-021": {"loss": 0.8884268403053284, "acc": 0.6040899753570557}, "sub-065": {"loss": 0.9556187987327576, "acc": 0.6019822359085083}, "sub-044": {"loss": 0.2157049924135208, "acc": 0.8973880410194397}}