{"sub-042": {"loss": 0.556466281414032, "acc": 0.7879282236099243}, "sub-030": {"loss": 1.0781413316726685, "acc": 0.5721518993377686}, "sub-072": {"loss": 0.5226934552192688, "acc": 0.805464506149292}, "sub-028": {"loss": 0.6624466776847839, "acc": 0.7481012940406799}, "sub-056": {"loss": 1.2936686277389526, "acc": 0.490093469619751}, "sub-025": {"loss": 0.7678617238998413, "acc": 0.7070760726928711}, "sub-015": {"loss": 1.0951370000839233, "acc": 0.5968523025512695}, "sub-075": {"loss": 0.8471803069114685, "acc": 0.6739526391029358}, "sub-080": {"loss": 0.7376114130020142, "acc": 0.7107526659965515}, "sub-060": {"loss": 1.382672905921936, "acc": 0.4484848380088806}, "sub-013": {"loss": 0.5850808024406433, "acc": 0.7726392149925232}, "sub-041": {"loss": 1.0010088682174683, "acc": 0.6055464744567871}, "sub-008": {"loss": 0.676482617855072, "acc": 0.7372881174087524}, "sub-061": {"loss": 1.0140373706817627, "acc": 0.6049099564552307}, "sub-022": {"loss": 1.016904354095459, "acc": 0.6014723777770996}, "sub-010": {"loss": 1.0820486545562744, "acc": 0.6024212837219238}, "sub-035": {"loss": 1.3460979461669922, "acc": 0.4776957035064697}, "sub-062": {"loss": 1.1879574060440063, "acc": 0.5207855701446533}, "sub-067": {"loss": 1.1380609273910522, "acc": 0.559624433517456}, "sub-047": {"loss": 0.8614671230316162, "acc": 0.6571428775787354}, "sub-005": {"loss": 0.8777083158493042, "acc": 0.6619492769241333}, "sub-003": {"loss": 0.7123923897743225, "acc": 0.7261500954627991}, "sub-002": {"loss": 0.8786616325378418, "acc": 0.6892018914222717}, "sub-004": {"loss": 1.2696113586425781, "acc": 0.5121951103210449}, "sub-045": {"loss": 1.0429662466049194, "acc": 0.5828357934951782}, "sub-023": {"loss": 1.1920727491378784, "acc": 0.5116564631462097}, "sub-052": {"loss": 0.9152055382728577, "acc": 0.638504683971405}, "sub-027": {"loss": 0.5938518047332764, "acc": 0.7629746794700623}, "sub-039": {"loss": 0.9067619442939758, "acc": 0.6502447128295898}, "sub-051": {"loss": 1.6234761476516724, "acc": 0.35738319158554077}, "sub-083": {"loss": 1.0259088277816772, "acc": 0.5806451439857483}, "sub-068": {"loss": 1.1007004976272583, "acc": 0.5665102005004883}, "sub-011": {"loss": 1.2870371341705322, "acc": 0.49079903960227966}, "sub-014": {"loss": 1.0148736238479614, "acc": 0.5973005890846252}, "sub-049": {"loss": 1.3841338157653809, "acc": 0.44859811663627625}, "sub-031": {"loss": 0.510518491268158, "acc": 0.8037974834442139}, "sub-048": {"loss": 0.8866478204727173, "acc": 0.6620544791221619}, "sub-057": {"loss": 0.7921329736709595, "acc": 0.7021276354789734}, "sub-016": {"loss": 1.1634982824325562, "acc": 0.5460048317909241}, "sub-076": {"loss": 1.2842204570770264, "acc": 0.515118420124054}, "sub-024": {"loss": 0.8985773324966431, "acc": 0.6486682891845703}, "sub-043": {"loss": 0.9371551275253296, "acc": 0.6481343507766724}, "sub-020": {"loss": 0.6155856251716614, "acc": 0.7636363506317139}, "sub-077": {"loss": 1.5202467441558838, "acc": 0.39009901881217957}, "sub-018": {"loss": 1.0604602098464966, "acc": 0.6142857074737549}, "sub-012": {"loss": 1.5168741941452026, "acc": 0.3888619840145111}, "sub-033": {"loss": 1.0690593719482422, "acc": 0.5790250897407532}, "sub-054": {"loss": 1.313994288444519, "acc": 0.4811214804649353}, "sub-032": {"loss": 0.6588678359985352, "acc": 0.7350074052810669}, "sub-007": {"loss": 1.0847257375717163, "acc": 0.5832929611206055}, "sub-059": {"loss": 0.8965561389923096, "acc": 0.6327332258224487}, "sub-082": {"loss": 1.2337843179702759, "acc": 0.4978494644165039}, "sub-019": {"loss": 0.7442039251327515, "acc": 0.7065375447273254}, "sub-073": {"loss": 1.0576832294464111, "acc": 0.5970855951309204}, "sub-006": {"loss": 0.6976332664489746, "acc": 0.7281081080436707}, "sub-070": {"loss": 0.8423454761505127, "acc": 0.674178421497345}, "sub-066": {"loss": 1.3254120349884033, "acc": 0.49827855825424194}, "sub-029": {"loss": 0.9586504101753235, "acc": 0.6392405033111572}, "sub-034": {"loss": 1.149631381034851, "acc": 0.5831609964370728}, "sub-026": {"loss": 1.0757309198379517, "acc": 0.5789346098899841}, "sub-017": {"loss": 1.1197619438171387, "acc": 0.5460814833641052}, "sub-055": {"loss": 1.0129189491271973, "acc": 0.5996261835098267}, "sub-078": {"loss": 0.8129791021347046, "acc": 0.6881603002548218}, "sub-001": {"loss": 0.8290558457374573, "acc": 0.7012106776237488}, "sub-069": {"loss": 1.2445889711380005, "acc": 0.5029733777046204}, "sub-058": {"loss": 0.7326041460037231, "acc": 0.710965633392334}, "sub-053": {"loss": 1.2661854028701782, "acc": 0.5091588497161865}, "sub-085": {"loss": 0.6729487776756287, "acc": 0.7594981789588928}, "sub-071": {"loss": 1.2388112545013428, "acc": 0.4964006245136261}, "sub-036": {"loss": 0.7713875770568848, "acc": 0.7264401912689209}, "sub-040": {"loss": 1.1284282207489014, "acc": 0.558890700340271}, "sub-064": {"loss": 1.1935129165649414, "acc": 0.5358372330665588}, "sub-074": {"loss": 0.7325121760368347, "acc": 0.7311475276947021}, "sub-081": {"loss": 1.3537641763687134, "acc": 0.4077519476413727}, "sub-079": {"loss": 1.1610205173492432, "acc": 0.5548387169837952}, "sub-038": {"loss": 0.9000740051269531, "acc": 0.6632952690124512}, "sub-084": {"loss": 0.7857531905174255, "acc": 0.685663104057312}, "sub-009": {"loss": 0.5677738189697266, "acc": 0.7823244333267212}, "sub-063": {"loss": 1.2725940942764282, "acc": 0.5405320525169373}, "sub-046": {"loss": 0.9747364521026611, "acc": 0.6320895552635193}, "sub-037": {"loss": 0.9701591730117798, "acc": 0.6427406072616577}, "sub-050": {"loss": 1.837460994720459, "acc": 0.33959731459617615}, "sub-021": {"loss": 1.3941903114318848, "acc": 0.43950921297073364}, "sub-065": {"loss": 1.4182039499282837, "acc": 0.4356807470321655}, "sub-044": {"loss": 0.3338065445423126, "acc": 0.8858209252357483}}