{"sub-042": {"loss": 0.46980518102645874, "acc": 0.8176998496055603}, "sub-030": {"loss": 0.8553115129470825, "acc": 0.6491297483444214}, "sub-072": {"loss": 0.4263324439525604, "acc": 0.8292349576950073}, "sub-028": {"loss": 0.5032962560653687, "acc": 0.8117088675498962}, "sub-056": {"loss": 1.1159183979034424, "acc": 0.5196261405944824}, "sub-025": {"loss": 0.6033021807670593, "acc": 0.7510013580322266}, "sub-015": {"loss": 0.9121748208999634, "acc": 0.6352905631065369}, "sub-075": {"loss": 0.701301097869873, "acc": 0.7176684737205505}, "sub-080": {"loss": 0.5785684585571289, "acc": 0.7809139490127563}, "sub-060": {"loss": 1.2340646982192993, "acc": 0.5033143758773804}, "sub-013": {"loss": 0.5192381739616394, "acc": 0.8008474707603455}, "sub-041": {"loss": 0.8064460158348083, "acc": 0.6716966032981873}, "sub-008": {"loss": 0.5183437466621399, "acc": 0.7935835123062134}, "sub-061": {"loss": 0.8613767623901367, "acc": 0.6751227378845215}, "sub-022": {"loss": 0.8458747863769531, "acc": 0.6582822203636169}, "sub-010": {"loss": 0.8952978253364563, "acc": 0.6398305296897888}, "sub-035": {"loss": 1.139796257019043, "acc": 0.526218593120575}, "sub-062": {"loss": 0.9989333152770996, "acc": 0.5777413845062256}, "sub-067": {"loss": 0.933628261089325, "acc": 0.6158059239387512}, "sub-047": {"loss": 0.7446361780166626, "acc": 0.7142857313156128}, "sub-005": {"loss": 0.7563728094100952, "acc": 0.694258987903595}, "sub-003": {"loss": 0.5569905042648315, "acc": 0.7817796468734741}, "sub-002": {"loss": 0.766470193862915, "acc": 0.7045187950134277}, "sub-004": {"loss": 1.1308507919311523, "acc": 0.5365853905677795}, "sub-045": {"loss": 0.9053900241851807, "acc": 0.6319962739944458}, "sub-023": {"loss": 0.9888067245483398, "acc": 0.6006134748458862}, "sub-052": {"loss": 0.7870234847068787, "acc": 0.6878504753112793}, "sub-027": {"loss": 0.512822151184082, "acc": 0.7939082384109497}, "sub-039": {"loss": 0.8105831742286682, "acc": 0.6802610158920288}, "sub-051": {"loss": 1.3985399007797241, "acc": 0.4238317608833313}, "sub-083": {"loss": 0.8598895072937012, "acc": 0.6384408473968506}, "sub-068": {"loss": 0.947819173336029, "acc": 0.6115023493766785}, "sub-011": {"loss": 1.1111972332000732, "acc": 0.5668886303901672}, "sub-014": {"loss": 0.8527572751045227, "acc": 0.6674846410751343}, "sub-049": {"loss": 1.1670390367507935, "acc": 0.5392523407936096}, "sub-031": {"loss": 0.40907156467437744, "acc": 0.8488923907279968}, "sub-048": {"loss": 0.7625911831855774, "acc": 0.6860587000846863}, "sub-057": {"loss": 0.7156684994697571, "acc": 0.7242226004600525}, "sub-016": {"loss": 0.9723815321922302, "acc": 0.6071428656578064}, "sub-076": {"loss": 1.0561522245407104, "acc": 0.5751366019248962}, "sub-024": {"loss": 0.7983183860778809, "acc": 0.6779661178588867}, "sub-043": {"loss": 0.7493890523910522, "acc": 0.6781716346740723}, "sub-020": {"loss": 0.5369474291801453, "acc": 0.8015151619911194}, "sub-077": {"loss": 1.2592575550079346, "acc": 0.48927393555641174}, "sub-018": {"loss": 0.9318823218345642, "acc": 0.6231840252876282}, "sub-012": {"loss": 1.2980256080627441, "acc": 0.46458837389945984}, "sub-033": {"loss": 0.8958332538604736, "acc": 0.6462333798408508}, "sub-054": {"loss": 1.1502348184585571, "acc": 0.5285046696662903}, "sub-032": {"loss": 0.5512502193450928, "acc": 0.782865583896637}, "sub-007": {"loss": 0.9081342816352844, "acc": 0.6455811262130737}, "sub-059": {"loss": 0.7564157247543335, "acc": 0.6743044257164001}, "sub-082": {"loss": 1.0365474224090576, "acc": 0.5730286836624146}, "sub-019": {"loss": 0.6245335340499878, "acc": 0.7660411596298218}, "sub-073": {"loss": 0.8796671032905579, "acc": 0.6438980102539062}, "sub-006": {"loss": 0.5715173482894897, "acc": 0.7641891837120056}, "sub-070": {"loss": 0.7436701059341431, "acc": 0.6979655623435974}, "sub-066": {"loss": 1.1493334770202637, "acc": 0.5457746386528015}, "sub-029": {"loss": 0.7951328158378601, "acc": 0.673655092716217}, "sub-034": {"loss": 0.9756629467010498, "acc": 0.6251846551895142}, "sub-026": {"loss": 0.9195752739906311, "acc": 0.6292372941970825}, "sub-017": {"loss": 0.9242922067642212, "acc": 0.6355799436569214}, "sub-055": {"loss": 0.7702844738960266, "acc": 0.6939252614974976}, "sub-078": {"loss": 0.6902710795402527, "acc": 0.7131147384643555}, "sub-001": {"loss": 0.7439776659011841, "acc": 0.7179176807403564}, "sub-069": {"loss": 1.1432024240493774, "acc": 0.5297339558601379}, "sub-058": {"loss": 0.6233950257301331, "acc": 0.7491816878318787}, "sub-053": {"loss": 1.0909268856048584, "acc": 0.5621495246887207}, "sub-085": {"loss": 0.5555167198181152, "acc": 0.7773297429084778}, "sub-071": {"loss": 1.0613106489181519, "acc": 0.5352112650871277}, "sub-036": {"loss": 0.68543541431427, "acc": 0.7330132722854614}, "sub-040": {"loss": 0.8744829297065735, "acc": 0.631321370601654}, "sub-064": {"loss": 1.0205702781677246, "acc": 0.5723786950111389}, "sub-074": {"loss": 0.6128425598144531, "acc": 0.7622950673103333}, "sub-081": {"loss": 1.1381806135177612, "acc": 0.4728682041168213}, "sub-079": {"loss": 1.0578975677490234, "acc": 0.5685483813285828}, "sub-038": {"loss": 0.750491738319397, "acc": 0.6892333030700684}, "sub-084": {"loss": 0.7243521213531494, "acc": 0.7244623899459839}, "sub-009": {"loss": 0.4644354283809662, "acc": 0.8156779408454895}, "sub-063": {"loss": 1.0783140659332275, "acc": 0.5782472491264343}, "sub-046": {"loss": 0.7896873354911804, "acc": 0.6805037260055542}, "sub-037": {"loss": 0.7830520868301392, "acc": 0.6827079653739929}, "sub-050": {"loss": 1.5765182971954346, "acc": 0.3959731459617615}, "sub-021": {"loss": 1.2114964723587036, "acc": 0.49907976388931274}, "sub-065": {"loss": 1.20255446434021, "acc": 0.48239436745643616}, "sub-044": {"loss": 0.2582404315471649, "acc": 0.9071828126907349}}