{"sub-042": {"loss": 0.6029694676399231, "acc": 0.7581073641777039}, "sub-030": {"loss": 0.8580471277236938, "acc": 0.6590447425842285}, "sub-072": {"loss": 0.5646662712097168, "acc": 0.7676767706871033}, "sub-028": {"loss": 0.6210516691207886, "acc": 0.7418699264526367}, "sub-056": {"loss": 1.0936027765274048, "acc": 0.5689131617546082}, "sub-025": {"loss": 0.7917588949203491, "acc": 0.687961757183075}, "sub-015": {"loss": 0.9283642768859863, "acc": 0.6292356252670288}, "sub-075": {"loss": 0.8680148124694824, "acc": 0.6726084351539612}, "sub-080": {"loss": 0.7591349482536316, "acc": 0.7157894968986511}, "sub-060": {"loss": 1.2052984237670898, "acc": 0.5024691224098206}, "sub-013": {"loss": 0.5769851803779602, "acc": 0.7817178964614868}, "sub-041": {"loss": 0.9074116349220276, "acc": 0.6305156946182251}, "sub-008": {"loss": 0.6373695731163025, "acc": 0.7348305583000183}, "sub-061": {"loss": 0.9025791883468628, "acc": 0.649066686630249}, "sub-022": {"loss": 0.9685429930686951, "acc": 0.6160892248153687}, "sub-010": {"loss": 1.0180002450942993, "acc": 0.6166272759437561}, "sub-035": {"loss": 1.1296985149383545, "acc": 0.5387205481529236}, "sub-062": {"loss": 0.9734480381011963, "acc": 0.6069333553314209}, "sub-067": {"loss": 1.0419672727584839, "acc": 0.5880551338195801}, "sub-047": {"loss": 0.8379343748092651, "acc": 0.6716500520706177}, "sub-005": {"loss": 0.8634013533592224, "acc": 0.6775314807891846}, "sub-003": {"loss": 0.7678694725036621, "acc": 0.7320724725723267}, "sub-002": {"loss": 0.8718172311782837, "acc": 0.6754385828971863}, "sub-004": {"loss": 1.1398100852966309, "acc": 0.5486111044883728}, "sub-045": {"loss": 0.9324840307235718, "acc": 0.6569697260856628}, "sub-023": {"loss": 1.0507948398590088, "acc": 0.5866189002990723}, "sub-052": {"loss": 0.8370778560638428, "acc": 0.686703085899353}, "sub-027": {"loss": 0.5780913233757019, "acc": 0.7738820910453796}, "sub-039": {"loss": 0.8842936754226685, "acc": 0.620414674282074}, "sub-051": {"loss": 1.3697459697723389, "acc": 0.4796599745750427}, "sub-083": {"loss": 0.8863089084625244, "acc": 0.6356725096702576}, "sub-068": {"loss": 1.1186507940292358, "acc": 0.5931597948074341}, "sub-011": {"loss": 1.097680926322937, "acc": 0.5626477599143982}, "sub-014": {"loss": 0.9405565857887268, "acc": 0.6471525430679321}, "sub-049": {"loss": 1.162528395652771, "acc": 0.5397692918777466}, "sub-031": {"loss": 0.5621097683906555, "acc": 0.7667682766914368}, "sub-048": {"loss": 0.8141589760780334, "acc": 0.6557600498199463}, "sub-057": {"loss": 0.760996401309967, "acc": 0.6645333170890808}, "sub-016": {"loss": 1.1456490755081177, "acc": 0.5626477599143982}, "sub-076": {"loss": 1.1098042726516724, "acc": 0.5763517618179321}, "sub-024": {"loss": 0.8817386627197266, "acc": 0.6591804623603821}, "sub-043": {"loss": 0.834892749786377, "acc": 0.6824242472648621}, "sub-020": {"loss": 0.6158909797668457, "acc": 0.7371794581413269}, "sub-077": {"loss": 1.1823772192001343, "acc": 0.5134843587875366}, "sub-018": {"loss": 0.9680686593055725, "acc": 0.6528762578964233}, "sub-012": {"loss": 1.2625279426574707, "acc": 0.48817968368530273}, "sub-033": {"loss": 0.9514172077178955, "acc": 0.6262626051902771}, "sub-054": {"loss": 1.1805064678192139, "acc": 0.5415907502174377}, "sub-032": {"loss": 0.6733008623123169, "acc": 0.7460317611694336}, "sub-007": {"loss": 1.05876624584198, "acc": 0.6055949330329895}, "sub-059": {"loss": 0.7476530075073242, "acc": 0.6949333548545837}, "sub-082": {"loss": 0.9957574605941772, "acc": 0.5666666626930237}, "sub-019": {"loss": 0.6910780668258667, "acc": 0.7151300311088562}, "sub-073": {"loss": 0.9721802473068237, "acc": 0.6434937715530396}, "sub-006": {"loss": 0.671374499797821, "acc": 0.7216358780860901}, "sub-070": {"loss": 0.731038510799408, "acc": 0.7146503329277039}, "sub-066": {"loss": 1.1141390800476074, "acc": 0.5803981423377991}, "sub-029": {"loss": 0.8188808560371399, "acc": 0.6808943152427673}, "sub-034": {"loss": 1.014527440071106, "acc": 0.6209716200828552}, "sub-026": {"loss": 0.9842722415924072, "acc": 0.6095350384712219}, "sub-017": {"loss": 1.0259945392608643, "acc": 0.625891923904419}, "sub-055": {"loss": 0.8650261163711548, "acc": 0.6612021923065186}, "sub-078": {"loss": 0.7674474716186523, "acc": 0.7076649069786072}, "sub-001": {"loss": 0.8048613667488098, "acc": 0.7005516290664673}, "sub-069": {"loss": 1.2114434242248535, "acc": 0.5313935875892639}, "sub-058": {"loss": 0.6624733805656433, "acc": 0.7498666644096375}, "sub-053": {"loss": 1.1372662782669067, "acc": 0.5579842329025269}, "sub-085": {"loss": 0.7238386869430542, "acc": 0.7257310152053833}, "sub-071": {"loss": 1.0031200647354126, "acc": 0.5696784257888794}, "sub-036": {"loss": 0.7650448083877563, "acc": 0.6839826703071594}, "sub-040": {"loss": 0.9394233822822571, "acc": 0.6310473084449768}, "sub-064": {"loss": 1.0841654539108276, "acc": 0.560490071773529}, "sub-074": {"loss": 0.8134766817092896, "acc": 0.6916220784187317}, "sub-081": {"loss": 0.9857170581817627, "acc": 0.5315656661987305}, "sub-079": {"loss": 1.0636078119277954, "acc": 0.5684210658073425}, "sub-038": {"loss": 0.7810492515563965, "acc": 0.6640084981918335}, "sub-084": {"loss": 0.7330895066261292, "acc": 0.6859649419784546}, "sub-009": {"loss": 0.6103683710098267, "acc": 0.7616233229637146}, "sub-063": {"loss": 1.1111080646514893, "acc": 0.5696784257888794}, "sub-046": {"loss": 0.879569947719574, "acc": 0.6260606050491333}, "sub-037": {"loss": 0.9251564145088196, "acc": 0.6448697447776794}, "sub-050": {"loss": 1.6593371629714966, "acc": 0.40740740299224854}, "sub-021": {"loss": 1.1563836336135864, "acc": 0.5491836071014404}, "sub-065": {"loss": 1.2132844924926758, "acc": 0.5364981889724731}, "sub-044": {"loss": 0.3675224483013153, "acc": 0.8569697141647339}}