{"sub-042": {"loss": 0.9596152305603027, "acc": 0.6631578803062439}, "sub-030": {"loss": 1.39772367477417, "acc": 0.48719513416290283}, "sub-072": {"loss": 0.8150795102119446, "acc": 0.68556147813797}, "sub-028": {"loss": 0.9635149240493774, "acc": 0.6368902325630188}, "sub-056": {"loss": 1.7553247213363647, "acc": 0.3744990825653076}, "sub-025": {"loss": 1.1157766580581665, "acc": 0.5955671668052673}, "sub-015": {"loss": 1.5164108276367188, "acc": 0.4782505929470062}, "sub-075": {"loss": 1.1667046546936035, "acc": 0.5778965950012207}, "sub-080": {"loss": 1.1885311603546143, "acc": 0.593684196472168}, "sub-060": {"loss": 1.7164456844329834, "acc": 0.3714814782142639}, "sub-013": {"loss": 0.9448215961456299, "acc": 0.6619385480880737}, "sub-041": {"loss": 1.417688250541687, "acc": 0.5138756036758423}, "sub-008": {"loss": 1.0846056938171387, "acc": 0.5865248441696167}, "sub-061": {"loss": 1.373557209968567, "acc": 0.5292800068855286}, "sub-022": {"loss": 1.448996663093567, "acc": 0.4810035824775696}, "sub-010": {"loss": 1.556213617324829, "acc": 0.46690306067466736}, "sub-035": {"loss": 1.7901802062988281, "acc": 0.39913418889045715}, "sub-062": {"loss": 1.4588903188705444, "acc": 0.4483200013637543}, "sub-067": {"loss": 1.5419358015060425, "acc": 0.4667687714099884}, "sub-047": {"loss": 1.209511160850525, "acc": 0.5774086117744446}, "sub-005": {"loss": 1.3129971027374268, "acc": 0.529335081577301}, "sub-003": {"loss": 1.1007664203643799, "acc": 0.6094562411308289}, "sub-002": {"loss": 1.230402946472168, "acc": 0.5636155605316162}, "sub-004": {"loss": 1.6178115606307983, "acc": 0.43392857909202576}, "sub-045": {"loss": 1.51223886013031, "acc": 0.467636376619339}, "sub-023": {"loss": 1.5868028402328491, "acc": 0.4604540169239044}, "sub-052": {"loss": 1.312526822090149, "acc": 0.5296903252601624}, "sub-027": {"loss": 0.8877665996551514, "acc": 0.6499999761581421}, "sub-039": {"loss": 1.3559014797210693, "acc": 0.49314194917678833}, "sub-051": {"loss": 1.954952597618103, "acc": 0.3300546407699585}, "sub-083": {"loss": 1.405232548713684, "acc": 0.4694736897945404}, "sub-068": {"loss": 1.452860713005066, "acc": 0.49586522579193115}, "sub-011": {"loss": 1.6546732187271118, "acc": 0.4231678545475006}, "sub-014": {"loss": 1.4062221050262451, "acc": 0.5135005712509155}, "sub-049": {"loss": 1.7484408617019653, "acc": 0.3981785178184509}, "sub-031": {"loss": 0.8371159434318542, "acc": 0.6984755992889404}, "sub-048": {"loss": 1.2698191404342651, "acc": 0.5476482510566711}, "sub-057": {"loss": 1.1866012811660767, "acc": 0.5798400044441223}, "sub-016": {"loss": 1.6191649436950684, "acc": 0.4416075646877289}, "sub-076": {"loss": 1.65477454662323, "acc": 0.4573974907398224}, "sub-024": {"loss": 1.2886277437210083, "acc": 0.5193853378295898}, "sub-043": {"loss": 1.2650666236877441, "acc": 0.5185454487800598}, "sub-020": {"loss": 1.0232349634170532, "acc": 0.6331360936164856}, "sub-077": {"loss": 1.707376480102539, "acc": 0.3203883469104767}, "sub-018": {"loss": 1.4739272594451904, "acc": 0.5033096671104431}, "sub-012": {"loss": 1.8833153247833252, "acc": 0.3373522460460663}, "sub-033": {"loss": 1.4104640483856201, "acc": 0.49379509687423706}, "sub-054": {"loss": 1.67340886592865, "acc": 0.4036429822444916}, "sub-032": {"loss": 1.0605957508087158, "acc": 0.6389610171318054}, "sub-007": {"loss": 1.533033013343811, "acc": 0.49125295877456665}, "sub-059": {"loss": 1.2945157289505005, "acc": 0.5107200145721436}, "sub-082": {"loss": 1.5691192150115967, "acc": 0.4242105185985565}, "sub-019": {"loss": 1.1428170204162598, "acc": 0.5931441783905029}, "sub-073": {"loss": 1.4928430318832397, "acc": 0.4641711115837097}, "sub-006": {"loss": 1.0373374223709106, "acc": 0.6332454085350037}, "sub-070": {"loss": 1.232669711112976, "acc": 0.5467075109481812}, "sub-066": {"loss": 1.7003064155578613, "acc": 0.40796324610710144}, "sub-029": {"loss": 1.2987935543060303, "acc": 0.5323171019554138}, "sub-034": {"loss": 1.5049140453338623, "acc": 0.4940837025642395}, "sub-026": {"loss": 1.5051634311676025, "acc": 0.4858156144618988}, "sub-017": {"loss": 1.4649291038513184, "acc": 0.48685014247894287}, "sub-055": {"loss": 1.287489652633667, "acc": 0.5249544382095337}, "sub-078": {"loss": 1.2456218004226685, "acc": 0.5532976984977722}, "sub-001": {"loss": 1.2465317249298096, "acc": 0.5739952921867371}, "sub-069": {"loss": 1.7375541925430298, "acc": 0.3972434997558594}, "sub-058": {"loss": 1.0608346462249756, "acc": 0.5952000021934509}, "sub-053": {"loss": 1.680932879447937, "acc": 0.445173054933548}, "sub-085": {"loss": 1.1512978076934814, "acc": 0.582105278968811}, "sub-071": {"loss": 1.5055484771728516, "acc": 0.43675345182418823}, "sub-036": {"loss": 1.1202218532562256, "acc": 0.5757575631141663}, "sub-040": {"loss": 1.5065970420837402, "acc": 0.4373205602169037}, "sub-064": {"loss": 1.6078883409500122, "acc": 0.4346095025539398}, "sub-074": {"loss": 1.1807827949523926, "acc": 0.5828877091407776}, "sub-081": {"loss": 1.6352663040161133, "acc": 0.3386363685131073}, "sub-079": {"loss": 1.546375036239624, "acc": 0.43964913487434387}, "sub-038": {"loss": 1.1768347024917603, "acc": 0.5633173584938049}, "sub-084": {"loss": 1.1013975143432617, "acc": 0.5961403250694275}, "sub-009": {"loss": 0.981937050819397, "acc": 0.6260047554969788}, "sub-063": {"loss": 1.6538680791854858, "acc": 0.42511484026908875}, "sub-046": {"loss": 1.3693677186965942, "acc": 0.48290908336639404}, "sub-037": {"loss": 1.3257057666778564, "acc": 0.5429027080535889}, "sub-050": {"loss": 2.38838791847229, "acc": 0.2823529541492462}, "sub-021": {"loss": 1.7477048635482788, "acc": 0.394504189491272}, "sub-065": {"loss": 1.8081064224243164, "acc": 0.3678407371044159}, "sub-044": {"loss": 0.5965454578399658, "acc": 0.7480000257492065}}