{"sub-042": {"loss": 0.8491353988647461, "acc": 0.6945773363113403}, "sub-030": {"loss": 1.2449326515197754, "acc": 0.5320122241973877}, "sub-072": {"loss": 0.729902982711792, "acc": 0.7393048405647278}, "sub-028": {"loss": 0.832168459892273, "acc": 0.676067054271698}, "sub-056": {"loss": 1.4707797765731812, "acc": 0.45628416538238525}, "sub-025": {"loss": 0.9693430662155151, "acc": 0.6375488638877869}, "sub-015": {"loss": 1.2642738819122314, "acc": 0.5351654887199402}, "sub-075": {"loss": 1.0634416341781616, "acc": 0.6194295883178711}, "sub-080": {"loss": 0.9923205971717834, "acc": 0.6561403274536133}, "sub-060": {"loss": 1.4543395042419434, "acc": 0.4625000059604645}, "sub-013": {"loss": 0.7849721908569336, "acc": 0.6947399377822876}, "sub-041": {"loss": 1.1792209148406982, "acc": 0.5677831172943115}, "sub-008": {"loss": 0.8874121308326721, "acc": 0.6465721130371094}, "sub-061": {"loss": 1.1178538799285889, "acc": 0.5708000063896179}, "sub-022": {"loss": 1.2467765808105469, "acc": 0.5397251844406128}, "sub-010": {"loss": 1.3685343265533447, "acc": 0.5056146383285522}, "sub-035": {"loss": 1.5368376970291138, "acc": 0.47330448031425476}, "sub-062": {"loss": 1.291238784790039, "acc": 0.5004000067710876}, "sub-067": {"loss": 1.274165153503418, "acc": 0.5195252895355225}, "sub-047": {"loss": 1.0584183931350708, "acc": 0.6241694092750549}, "sub-005": {"loss": 1.131273865699768, "acc": 0.5707300901412964}, "sub-003": {"loss": 0.9750140905380249, "acc": 0.6385933756828308}, "sub-002": {"loss": 1.1059622764587402, "acc": 0.5943936109542847}, "sub-004": {"loss": 1.5043765306472778, "acc": 0.4739583432674408}, "sub-045": {"loss": 1.2120503187179565, "acc": 0.5659090876579285}, "sub-023": {"loss": 1.3640708923339844, "acc": 0.5116487741470337}, "sub-052": {"loss": 1.0914331674575806, "acc": 0.5755919814109802}, "sub-027": {"loss": 0.7807435989379883, "acc": 0.7004573345184326}, "sub-039": {"loss": 1.098401427268982, "acc": 0.5813397169113159}, "sub-051": {"loss": 1.6765942573547363, "acc": 0.3916211426258087}, "sub-083": {"loss": 1.2021610736846924, "acc": 0.5320175290107727}, "sub-068": {"loss": 1.2719796895980835, "acc": 0.5}, "sub-011": {"loss": 1.4060046672821045, "acc": 0.4683806002140045}, "sub-014": {"loss": 1.2537285089492798, "acc": 0.5660095810890198}, "sub-049": {"loss": 1.4931904077529907, "acc": 0.44216758012771606}, "sub-031": {"loss": 0.6722040176391602, "acc": 0.7442835569381714}, "sub-048": {"loss": 1.0711206197738647, "acc": 0.5853783488273621}, "sub-057": {"loss": 1.0466300249099731, "acc": 0.6195999979972839}, "sub-016": {"loss": 1.3414782285690308, "acc": 0.4991134703159332}, "sub-076": {"loss": 1.4381163120269775, "acc": 0.5004456043243408}, "sub-024": {"loss": 1.102441430091858, "acc": 0.576241135597229}, "sub-043": {"loss": 1.0400078296661377, "acc": 0.5863636136054993}, "sub-020": {"loss": 0.8674070835113525, "acc": 0.6841716170310974}, "sub-077": {"loss": 1.4816501140594482, "acc": 0.40210357308387756}, "sub-018": {"loss": 1.2265961170196533, "acc": 0.5540780425071716}, "sub-012": {"loss": 1.5944695472717285, "acc": 0.4060283601284027}, "sub-033": {"loss": 1.1942722797393799, "acc": 0.5317460298538208}, "sub-054": {"loss": 1.3777378797531128, "acc": 0.4854280650615692}, "sub-032": {"loss": 0.8784700036048889, "acc": 0.6821789145469666}, "sub-007": {"loss": 1.3224035501480103, "acc": 0.5369385480880737}, "sub-059": {"loss": 1.0323926210403442, "acc": 0.6032000184059143}, "sub-082": {"loss": 1.3535982370376587, "acc": 0.4903508722782135}, "sub-019": {"loss": 0.9171755909919739, "acc": 0.6640070676803589}, "sub-073": {"loss": 1.2497029304504395, "acc": 0.5307486653327942}, "sub-006": {"loss": 0.9074174761772156, "acc": 0.6457783579826355}, "sub-070": {"loss": 1.057249903678894, "acc": 0.601837694644928}, "sub-066": {"loss": 1.493765950202942, "acc": 0.45712098479270935}, "sub-029": {"loss": 1.0807820558547974, "acc": 0.5766006112098694}, "sub-034": {"loss": 1.2926372289657593, "acc": 0.5364357829093933}, "sub-026": {"loss": 1.2785485982894897, "acc": 0.5330969095230103}, "sub-017": {"loss": 1.3584022521972656, "acc": 0.5267584323883057}, "sub-055": {"loss": 1.1920199394226074, "acc": 0.5528233051300049}, "sub-078": {"loss": 1.0115338563919067, "acc": 0.6154189109802246}, "sub-001": {"loss": 0.9900583624839783, "acc": 0.6439125537872314}, "sub-069": {"loss": 1.47018301486969, "acc": 0.46822357177734375}, "sub-058": {"loss": 0.8942095637321472, "acc": 0.6583999991416931}, "sub-053": {"loss": 1.4621081352233887, "acc": 0.48816028237342834}, "sub-085": {"loss": 0.9163335561752319, "acc": 0.6429824829101562}, "sub-071": {"loss": 1.311916470527649, "acc": 0.473583459854126}, "sub-036": {"loss": 0.9415347576141357, "acc": 0.6215728521347046}, "sub-040": {"loss": 1.217917799949646, "acc": 0.5287081599235535}, "sub-064": {"loss": 1.3818670511245728, "acc": 0.4800918698310852}, "sub-074": {"loss": 0.9718257188796997, "acc": 0.6154189109802246}, "sub-081": {"loss": 1.3482375144958496, "acc": 0.43939393758773804}, "sub-079": {"loss": 1.372305154800415, "acc": 0.5070175528526306}, "sub-038": {"loss": 1.0330731868743896, "acc": 0.5960925221443176}, "sub-084": {"loss": 0.9408741593360901, "acc": 0.6223683953285217}, "sub-009": {"loss": 0.7940722107887268, "acc": 0.6982860565185547}, "sub-063": {"loss": 1.4474883079528809, "acc": 0.5091883540153503}, "sub-046": {"loss": 1.1573426723480225, "acc": 0.5604545474052429}, "sub-037": {"loss": 1.1675872802734375, "acc": 0.6044657230377197}, "sub-050": {"loss": 2.044572591781616, "acc": 0.34558823704719543}, "sub-021": {"loss": 1.4981714487075806, "acc": 0.4372759759426117}, "sub-065": {"loss": 1.527374029159546, "acc": 0.4540582001209259}, "sub-044": {"loss": 0.4592891037464142, "acc": 0.8168181777000427}}