{"sub-042": {"loss": 0.8993023037910461, "acc": 0.6769983768463135}, "sub-030": {"loss": 1.504651427268982, "acc": 0.4483122229576111}, "sub-072": {"loss": 0.7944813966751099, "acc": 0.7128111720085144}, "sub-028": {"loss": 0.989928662776947, "acc": 0.6766877770423889}, "sub-056": {"loss": 1.840410590171814, "acc": 0.35867083072662354}, "sub-025": {"loss": 1.1083192825317383, "acc": 0.6169707775115967}, "sub-015": {"loss": 1.586014747619629, "acc": 0.44121602177619934}, "sub-075": {"loss": 1.271666407585144, "acc": 0.5328880548477173}, "sub-080": {"loss": 1.1020374298095703, "acc": 0.5995619297027588}, "sub-060": {"loss": 1.9938623905181885, "acc": 0.32702019810676575}, "sub-013": {"loss": 0.9620144367218018, "acc": 0.660075306892395}, "sub-041": {"loss": 1.4502284526824951, "acc": 0.47978973388671875}, "sub-008": {"loss": 1.0343449115753174, "acc": 0.6214689016342163}, "sub-061": {"loss": 1.391961932182312, "acc": 0.5250045657157898}, "sub-022": {"loss": 1.4668855667114258, "acc": 0.4743013083934784}, "sub-010": {"loss": 1.5160027742385864, "acc": 0.4817056655883789}, "sub-035": {"loss": 1.9123085737228394, "acc": 0.34236007928848267}, "sub-062": {"loss": 1.6979169845581055, "acc": 0.4106201231479645}, "sub-067": {"loss": 1.6346304416656494, "acc": 0.4334898293018341}, "sub-047": {"loss": 1.2511430978775024, "acc": 0.5536659359931946}, "sub-005": {"loss": 1.3216007947921753, "acc": 0.5284082293510437}, "sub-003": {"loss": 1.0782549381256104, "acc": 0.6251009106636047}, "sub-002": {"loss": 1.3021029233932495, "acc": 0.5691184401512146}, "sub-004": {"loss": 1.799575924873352, "acc": 0.3899051547050476}, "sub-045": {"loss": 1.4904513359069824, "acc": 0.46579602360725403}, "sub-023": {"loss": 1.6874198913574219, "acc": 0.3990456759929657}, "sub-052": {"loss": 1.4186041355133057, "acc": 0.47538942098617554}, "sub-027": {"loss": 1.0110300779342651, "acc": 0.6337904334068298}, "sub-039": {"loss": 1.3855433464050293, "acc": 0.5203915238380432}, "sub-051": {"loss": 2.2292656898498535, "acc": 0.25441327691078186}, "sub-083": {"loss": 1.568891167640686, "acc": 0.41895657777786255}, "sub-068": {"loss": 1.6202948093414307, "acc": 0.4355764091014862}, "sub-011": {"loss": 1.8764495849609375, "acc": 0.382297545671463}, "sub-014": {"loss": 1.4654446840286255, "acc": 0.4898432195186615}, "sub-049": {"loss": 1.9048659801483154, "acc": 0.336448609828949}, "sub-031": {"loss": 0.7986966371536255, "acc": 0.7132560014724731}, "sub-048": {"loss": 1.3886076211929321, "acc": 0.49592360854148865}, "sub-057": {"loss": 1.2304741144180298, "acc": 0.5810147523880005}, "sub-016": {"loss": 1.6570155620574951, "acc": 0.3957492709159851}, "sub-076": {"loss": 1.7944139242172241, "acc": 0.40639546513557434}, "sub-024": {"loss": 1.4196616411209106, "acc": 0.4923325181007385}, "sub-043": {"loss": 1.3820536136627197, "acc": 0.4962686598300934}, "sub-020": {"loss": 0.9833008050918579, "acc": 0.6599326729774475}, "sub-077": {"loss": 2.034658908843994, "acc": 0.2874954044818878}, "sub-018": {"loss": 1.592255711555481, "acc": 0.4513048231601715}, "sub-012": {"loss": 2.1071507930755615, "acc": 0.276432603597641}, "sub-033": {"loss": 1.5302212238311768, "acc": 0.4631544351577759}, "sub-054": {"loss": 1.869314432144165, "acc": 0.3449636697769165}, "sub-032": {"loss": 1.044479489326477, "acc": 0.6504185199737549}, "sub-007": {"loss": 1.6073098182678223, "acc": 0.4541296660900116}, "sub-059": {"loss": 1.346793293952942, "acc": 0.5115475654602051}, "sub-082": {"loss": 1.7393921613693237, "acc": 0.3739545941352844}, "sub-019": {"loss": 1.144608736038208, "acc": 0.5786924958229065}, "sub-073": {"loss": 1.538275122642517, "acc": 0.4444444477558136}, "sub-006": {"loss": 1.0371556282043457, "acc": 0.6325826048851013}, "sub-070": {"loss": 1.2771559953689575, "acc": 0.538515031337738}, "sub-066": {"loss": 1.8471053838729858, "acc": 0.37037035822868347}, "sub-029": {"loss": 1.4072577953338623, "acc": 0.5154711604118347}, "sub-034": {"loss": 1.6787790060043335, "acc": 0.4316428601741791}, "sub-026": {"loss": 1.5631752014160156, "acc": 0.4517083764076233}, "sub-017": {"loss": 1.6565159559249878, "acc": 0.4263322949409485}, "sub-055": {"loss": 1.4101163148880005, "acc": 0.5152648091316223}, "sub-078": {"loss": 1.2326741218566895, "acc": 0.5539364218711853}, "sub-001": {"loss": 1.2518181800842285, "acc": 0.5692762732505798}, "sub-069": {"loss": 1.896445631980896, "acc": 0.3338549733161926}, "sub-058": {"loss": 1.113698959350586, "acc": 0.6053828001022339}, "sub-053": {"loss": 1.82478928565979, "acc": 0.3584631383419037}, "sub-085": {"loss": 1.0832418203353882, "acc": 0.6196734309196472}, "sub-071": {"loss": 1.7476979494094849, "acc": 0.38306382298469543}, "sub-036": {"loss": 1.1641335487365723, "acc": 0.5919908285140991}, "sub-040": {"loss": 1.5906567573547363, "acc": 0.42958128452301025}, "sub-064": {"loss": 1.7702933549880981, "acc": 0.37906450033187866}, "sub-074": {"loss": 1.104682445526123, "acc": 0.6106051206588745}, "sub-081": {"loss": 1.8663934469223022, "acc": 0.2652885317802429}, "sub-079": {"loss": 1.689507007598877, "acc": 0.4285145401954651}, "sub-038": {"loss": 1.3372137546539307, "acc": 0.5379735231399536}, "sub-084": {"loss": 1.213609218597412, "acc": 0.5457984805107117}, "sub-009": {"loss": 0.9151663184165955, "acc": 0.6810600161552429}, "sub-063": {"loss": 1.7988625764846802, "acc": 0.40827682614326477}, "sub-046": {"loss": 1.464161992073059, "acc": 0.448383092880249}, "sub-037": {"loss": 1.4546316862106323, "acc": 0.5008156895637512}, "sub-050": {"loss": 2.5073461532592773, "acc": 0.2170022428035736}, "sub-021": {"loss": 1.9206888675689697, "acc": 0.3419222831726074}, "sub-065": {"loss": 1.9813469648361206, "acc": 0.31611892580986023}, "sub-044": {"loss": 0.5210391283035278, "acc": 0.8032752871513367}}