{"sub-042": {"loss": 1.4049484729766846, "acc": 0.5614035129547119}, "sub-030": {"loss": 1.9850900173187256, "acc": 0.3748306334018707}, "sub-072": {"loss": 1.2728699445724487, "acc": 0.5717964172363281}, "sub-028": {"loss": 1.4683881998062134, "acc": 0.4998306334018707}, "sub-056": {"loss": 2.399867057800293, "acc": 0.28010523319244385}, "sub-025": {"loss": 1.681291937828064, "acc": 0.454729825258255}, "sub-015": {"loss": 2.0680909156799316, "acc": 0.34869977831840515}, "sub-075": {"loss": 1.7886584997177124, "acc": 0.4240443706512451}, "sub-080": {"loss": 1.7693756818771362, "acc": 0.4434697926044464}, "sub-060": {"loss": 2.422818660736084, "acc": 0.22921811044216156}, "sub-013": {"loss": 1.4030015468597412, "acc": 0.504990816116333}, "sub-041": {"loss": 1.9955121278762817, "acc": 0.3737373650074005}, "sub-008": {"loss": 1.5772044658660889, "acc": 0.4793801009654999}, "sub-061": {"loss": 1.886562705039978, "acc": 0.41297778487205505}, "sub-022": {"loss": 1.9622918367385864, "acc": 0.35908669233322144}, "sub-010": {"loss": 2.15383243560791, "acc": 0.3510638177394867}, "sub-035": {"loss": 2.443282127380371, "acc": 0.2852332890033722}, "sub-062": {"loss": 2.1343917846679688, "acc": 0.2947555482387543}, "sub-067": {"loss": 2.1299707889556885, "acc": 0.33384379744529724}, "sub-047": {"loss": 1.821309208869934, "acc": 0.42727944254875183}, "sub-005": {"loss": 1.8797426223754883, "acc": 0.3796899914741516}, "sub-003": {"loss": 1.6729614734649658, "acc": 0.474651962518692}, "sub-002": {"loss": 1.8280835151672363, "acc": 0.42016273736953735}, "sub-004": {"loss": 2.2765867710113525, "acc": 0.29728835821151733}, "sub-045": {"loss": 2.0742337703704834, "acc": 0.3610101044178009}, "sub-023": {"loss": 2.1988446712493896, "acc": 0.32098764181137085}, "sub-052": {"loss": 1.9505220651626587, "acc": 0.3825136721134186}, "sub-027": {"loss": 1.3800692558288574, "acc": 0.5137194991111755}, "sub-039": {"loss": 1.8822938203811646, "acc": 0.3815346360206604}, "sub-051": {"loss": 2.742271900177002, "acc": 0.21453146636486053}, "sub-083": {"loss": 1.97140634059906, "acc": 0.3481481373310089}, "sub-068": {"loss": 2.1014013290405273, "acc": 0.33860814571380615}, "sub-011": {"loss": 2.3035755157470703, "acc": 0.3036511540412903}, "sub-014": {"loss": 2.055673837661743, "acc": 0.34886500239372253}, "sub-049": {"loss": 2.3769915103912354, "acc": 0.290427029132843}, "sub-031": {"loss": 1.2226639986038208, "acc": 0.5790989398956299}, "sub-048": {"loss": 1.9246693849563599, "acc": 0.387184739112854}, "sub-057": {"loss": 1.733856201171875, "acc": 0.4421333372592926}, "sub-016": {"loss": 2.2277145385742188, "acc": 0.32794851064682007}, "sub-076": {"loss": 2.3590846061706543, "acc": 0.31689444184303284}, "sub-024": {"loss": 1.9173989295959473, "acc": 0.3620961308479309}, "sub-043": {"loss": 1.8632129430770874, "acc": 0.4171717166900635}, "sub-020": {"loss": 1.51789128780365, "acc": 0.5080538988113403}, "sub-077": {"loss": 2.27921724319458, "acc": 0.23624595999717712}, "sub-018": {"loss": 2.0548019409179688, "acc": 0.35631731152534485}, "sub-012": {"loss": 2.492588520050049, "acc": 0.23259784281253815}, "sub-033": {"loss": 2.022803783416748, "acc": 0.36203303933143616}, "sub-054": {"loss": 2.29048490524292, "acc": 0.2657356858253479}, "sub-032": {"loss": 1.539182424545288, "acc": 0.52220618724823}, "sub-007": {"loss": 2.1868577003479004, "acc": 0.34922510385513306}, "sub-059": {"loss": 1.8000524044036865, "acc": 0.41208890080451965}, "sub-082": {"loss": 2.2188920974731445, "acc": 0.3130604326725006}, "sub-019": {"loss": 1.677864670753479, "acc": 0.4536380469799042}, "sub-073": {"loss": 2.0960826873779297, "acc": 0.3479897081851959}, "sub-006": {"loss": 1.5994911193847656, "acc": 0.48812663555145264}, "sub-070": {"loss": 1.727603554725647, "acc": 0.4371277987957001}, "sub-066": {"loss": 2.3755290508270264, "acc": 0.2913050949573517}, "sub-029": {"loss": 1.8997210264205933, "acc": 0.3904132843017578}, "sub-034": {"loss": 2.1697099208831787, "acc": 0.3429533541202545}, "sub-026": {"loss": 2.120680093765259, "acc": 0.35526660084724426}, "sub-017": {"loss": 2.2692580223083496, "acc": 0.31838259100914}, "sub-055": {"loss": 1.9185494184494019, "acc": 0.39627605676651}, "sub-078": {"loss": 1.7259973287582397, "acc": 0.4460289180278778}, "sub-001": {"loss": 1.7677016258239746, "acc": 0.41843971610069275}, "sub-069": {"loss": 2.3481569290161133, "acc": 0.28500935435295105}, "sub-058": {"loss": 1.5996668338775635, "acc": 0.4289777874946594}, "sub-053": {"loss": 2.390407085418701, "acc": 0.27949807047843933}, "sub-085": {"loss": 1.6430861949920654, "acc": 0.4771929681301117}, "sub-071": {"loss": 2.134279489517212, "acc": 0.3217628002166748}, "sub-036": {"loss": 1.6632193326950073, "acc": 0.46480679512023926}, "sub-040": {"loss": 2.1149442195892334, "acc": 0.3303207457065582}, "sub-064": {"loss": 2.220492362976074, "acc": 0.2873915135860443}, "sub-074": {"loss": 1.6976975202560425, "acc": 0.44642502069473267}, "sub-081": {"loss": 2.148447275161743, "acc": 0.2765151560306549}, "sub-079": {"loss": 2.2894961833953857, "acc": 0.3228070139884949}, "sub-038": {"loss": 1.7460592985153198, "acc": 0.39376217126846313}, "sub-084": {"loss": 1.67857027053833, "acc": 0.43118909001350403}, "sub-009": {"loss": 1.4568690061569214, "acc": 0.4919884502887726}, "sub-063": {"loss": 2.351168632507324, "acc": 0.29079461097717285}, "sub-046": {"loss": 1.8833547830581665, "acc": 0.36626261472702026}, "sub-037": {"loss": 1.9995571374893188, "acc": 0.39128124713897705}, "sub-050": {"loss": 3.2759087085723877, "acc": 0.17864923179149628}, "sub-021": {"loss": 2.4179041385650635, "acc": 0.2690826952457428}, "sub-065": {"loss": 2.491103410720825, "acc": 0.2450229674577713}, "sub-044": {"loss": 0.9021819829940796, "acc": 0.679595947265625}}