{"sub-050": {"loss": 2.9869399070739746, "acc": 0.18736383318901062}, "sub-038": {"loss": 1.8702030181884766, "acc": 0.35034555196762085}, "sub-061": {"loss": 1.739058494567871, "acc": 0.42382222414016724}, "sub-024": {"loss": 1.7535345554351807, "acc": 0.3925663232803345}, "sub-028": {"loss": 1.5081795454025269, "acc": 0.4571476876735687}, "sub-021": {"loss": 2.2119884490966797, "acc": 0.27970263361930847}, "sub-085": {"loss": 1.530611276626587, "acc": 0.4953216314315796}, "sub-048": {"loss": 1.7114439010620117, "acc": 0.4269484281539917}, "sub-052": {"loss": 1.6956266164779663, "acc": 0.41651487350463867}, "sub-069": {"loss": 2.2918307781219482, "acc": 0.2780330181121826}, "sub-059": {"loss": 1.818631887435913, "acc": 0.3902222216129303}, "sub-040": {"loss": 2.0268261432647705, "acc": 0.3533581495285034}, "sub-005": {"loss": 1.8525078296661377, "acc": 0.39229321479797363}, "sub-057": {"loss": 1.5285515785217285, "acc": 0.47519999742507935}, "sub-027": {"loss": 1.3490076065063477, "acc": 0.5143970251083374}, "sub-076": {"loss": 2.3125743865966797, "acc": 0.3180827796459198}, "sub-006": {"loss": 1.51967453956604, "acc": 0.5010260939598083}, "sub-018": {"loss": 1.9466640949249268, "acc": 0.3605200946331024}, "sub-032": {"loss": 1.5284554958343506, "acc": 0.475228488445282}, "sub-014": {"loss": 1.8539530038833618, "acc": 0.3989114463329315}, "sub-015": {"loss": 2.069176197052002, "acc": 0.3655109107494354}, "sub-066": {"loss": 2.185910701751709, "acc": 0.2924961745738983}, "sub-049": {"loss": 2.392185926437378, "acc": 0.2473183572292328}, "sub-008": {"loss": 1.5652787685394287, "acc": 0.46742841601371765}, "sub-054": {"loss": 2.2284016609191895, "acc": 0.2653309106826782}, "sub-023": {"loss": 2.1569507122039795, "acc": 0.2928448021411896}, "sub-039": {"loss": 1.829642415046692, "acc": 0.38755980134010315}, "sub-082": {"loss": 2.0026376247406006, "acc": 0.315009742975235}, "sub-063": {"loss": 2.284724473953247, "acc": 0.30815041065216064}, "sub-070": {"loss": 1.6192291975021362, "acc": 0.4544835686683655}, "sub-026": {"loss": 2.02787184715271, "acc": 0.35671132802963257}, "sub-022": {"loss": 1.9362543821334839, "acc": 0.36466214060783386}, "sub-011": {"loss": 2.3285024166107178, "acc": 0.314026802778244}, "sub-056": {"loss": 2.365229845046997, "acc": 0.24873507022857666}, "sub-036": {"loss": 1.6814736127853394, "acc": 0.4588744640350342}, "sub-078": {"loss": 1.6175169944763184, "acc": 0.4468211531639099}, "sub-019": {"loss": 1.5923044681549072, "acc": 0.4717625379562378}, "sub-058": {"loss": 1.5108345746994019, "acc": 0.46062222123146057}, "sub-033": {"loss": 2.1671688556671143, "acc": 0.3246753215789795}, "sub-083": {"loss": 1.9377745389938354, "acc": 0.3309941589832306}, "sub-001": {"loss": 1.6125807762145996, "acc": 0.46952980756759644}, "sub-013": {"loss": 1.4171699285507202, "acc": 0.49264511466026306}, "sub-007": {"loss": 1.8878130912780762, "acc": 0.40018388628959656}, "sub-030": {"loss": 1.9419864416122437, "acc": 0.3756774961948395}, "sub-067": {"loss": 2.1610169410705566, "acc": 0.31223413348197937}, "sub-037": {"loss": 1.7406542301177979, "acc": 0.4245968461036682}, "sub-016": {"loss": 2.200622081756592, "acc": 0.31048068404197693}, "sub-017": {"loss": 2.1147913932800293, "acc": 0.32755690813064575}, "sub-046": {"loss": 2.00128436088562, "acc": 0.3355555534362793}, "sub-044": {"loss": 0.9094881415367126, "acc": 0.6888889074325562}, "sub-047": {"loss": 1.5981061458587646, "acc": 0.48929494619369507}, "sub-065": {"loss": 2.3476154804229736, "acc": 0.2739492952823639}, "sub-064": {"loss": 2.1521918773651123, "acc": 0.28211674094200134}, "sub-073": {"loss": 1.9547276496887207, "acc": 0.34898000955581665}, "sub-075": {"loss": 1.62342369556427, "acc": 0.47969895601272583}, "sub-009": {"loss": 1.4056307077407837, "acc": 0.5285001397132874}, "sub-031": {"loss": 1.158278226852417, "acc": 0.6028116345405579}, "sub-034": {"loss": 2.1552581787109375, "acc": 0.33525732159614563}, "sub-071": {"loss": 2.186932325363159, "acc": 0.2870512306690216}, "sub-084": {"loss": 1.439175009727478, "acc": 0.4795321524143219}, "sub-062": {"loss": 2.2373836040496826, "acc": 0.26168888807296753}, "sub-020": {"loss": 1.2967307567596436, "acc": 0.5595003366470337}, "sub-055": {"loss": 1.8937811851501465, "acc": 0.39445456862449646}, "sub-043": {"loss": 1.8084203004837036, "acc": 0.42161616683006287}, "sub-080": {"loss": 1.6816112995147705, "acc": 0.4625731110572815}, "sub-041": {"loss": 1.8248305320739746, "acc": 0.3625730872154236}, "sub-004": {"loss": 2.0833373069763184, "acc": 0.30423280596733093}, "sub-072": {"loss": 1.230843186378479, "acc": 0.598534345626831}, "sub-012": {"loss": 2.419281005859375, "acc": 0.2318098247051239}, "sub-079": {"loss": 2.2033770084381104, "acc": 0.2721247673034668}, "sub-060": {"loss": 2.315596342086792, "acc": 0.2522633671760559}, "sub-035": {"loss": 2.2248072624206543, "acc": 0.28042328357696533}, "sub-077": {"loss": 2.29447340965271, "acc": 0.20136640965938568}, "sub-068": {"loss": 2.0981926918029785, "acc": 0.33860814571380615}, "sub-045": {"loss": 1.8086967468261719, "acc": 0.384646475315094}, "sub-003": {"loss": 1.612349271774292, "acc": 0.4763593375682831}, "sub-042": {"loss": 1.289279818534851, "acc": 0.5787701606750488}, "sub-029": {"loss": 1.768635869026184, "acc": 0.3968496024608612}, "sub-002": {"loss": 1.7349953651428223, "acc": 0.4205441176891327}, "sub-051": {"loss": 2.4336602687835693, "acc": 0.2410443276166916}, "sub-010": {"loss": 1.9855880737304688, "acc": 0.3666929304599762}, "sub-025": {"loss": 1.539772391319275, "acc": 0.4599449634552002}, "sub-053": {"loss": 2.17470645904541, "acc": 0.32948794960975647}, "sub-081": {"loss": 2.142827272415161, "acc": 0.2752525210380554}, "sub-074": {"loss": 1.6708916425704956, "acc": 0.4412755072116852}}