{"sub-050": {"loss": 1.1414271593093872, "acc": 0.5346755981445312}, "sub-038": {"loss": 0.5760464668273926, "acc": 0.7656335234642029}, "sub-061": {"loss": 0.5608416199684143, "acc": 0.7517730593681335}, "sub-024": {"loss": 0.5531315207481384, "acc": 0.7816787958145142}, "sub-028": {"loss": 0.43725329637527466, "acc": 0.8095991611480713}, "sub-021": {"loss": 0.8926669955253601, "acc": 0.6036809682846069}, "sub-085": {"loss": 0.4246870279312134, "acc": 0.8166069388389587}, "sub-048": {"loss": 0.4670013189315796, "acc": 0.8120195865631104}, "sub-052": {"loss": 0.5085195899009705, "acc": 0.7950155735015869}, "sub-069": {"loss": 0.8328111171722412, "acc": 0.6207616329193115}, "sub-059": {"loss": 0.5668394565582275, "acc": 0.7506819367408752}, "sub-040": {"loss": 0.7390352487564087, "acc": 0.68406742811203}, "sub-005": {"loss": 0.5485376119613647, "acc": 0.773030698299408}, "sub-057": {"loss": 0.43775492906570435, "acc": 0.8096017241477966}, "sub-027": {"loss": 0.3776736259460449, "acc": 0.822257399559021}, "sub-076": {"loss": 0.7911137342453003, "acc": 0.6618093252182007}, "sub-006": {"loss": 0.40856215357780457, "acc": 0.8351351618766785}, "sub-018": {"loss": 0.6653856039047241, "acc": 0.7372881174087524}, "sub-032": {"loss": 0.4444864094257355, "acc": 0.8148695230484009}, "sub-014": {"loss": 0.5468928813934326, "acc": 0.7742331027984619}, "sub-015": {"loss": 0.6865454316139221, "acc": 0.709039568901062}, "sub-066": {"loss": 0.7654005289077759, "acc": 0.6844027042388916}, "sub-049": {"loss": 0.8030456900596619, "acc": 0.6242990493774414}, "sub-008": {"loss": 0.414291113615036, "acc": 0.8410007953643799}, "sub-054": {"loss": 0.8064441680908203, "acc": 0.6623052954673767}, "sub-023": {"loss": 0.8095236420631409, "acc": 0.6666666865348816}, "sub-039": {"loss": 0.6224411725997925, "acc": 0.7302882075309753}, "sub-082": {"loss": 0.7061200141906738, "acc": 0.7072879076004028}, "sub-063": {"loss": 0.844058096408844, "acc": 0.6405842304229736}, "sub-070": {"loss": 0.4894266724586487, "acc": 0.8038601875305176}, "sub-026": {"loss": 0.6923235058784485, "acc": 0.7074253559112549}, "sub-022": {"loss": 0.6528677940368652, "acc": 0.7321063280105591}, "sub-011": {"loss": 0.9096328020095825, "acc": 0.6210653781890869}, "sub-056": {"loss": 0.8566233515739441, "acc": 0.6211838126182556}, "sub-036": {"loss": 0.5263863801956177, "acc": 0.7735105752944946}, "sub-078": {"loss": 0.4535963833332062, "acc": 0.8008500337600708}, "sub-019": {"loss": 0.45144975185394287, "acc": 0.8184019327163696}, "sub-058": {"loss": 0.42578476667404175, "acc": 0.8194217085838318}, "sub-033": {"loss": 0.7908895015716553, "acc": 0.6469719409942627}, "sub-083": {"loss": 0.645126461982727, "acc": 0.7275985479354858}, "sub-001": {"loss": 0.4386400580406189, "acc": 0.8220338821411133}, "sub-013": {"loss": 0.374905526638031, "acc": 0.8547215461730957}, "sub-007": {"loss": 0.5663585662841797, "acc": 0.7643260955810547}, "sub-030": {"loss": 0.6281542778015137, "acc": 0.7299578189849854}, "sub-067": {"loss": 0.7497780919075012, "acc": 0.6770996451377869}, "sub-037": {"loss": 0.5127369165420532, "acc": 0.7890157699584961}, "sub-016": {"loss": 0.7881847620010376, "acc": 0.6456819772720337}, "sub-017": {"loss": 0.6929918527603149, "acc": 0.7032392621040344}, "sub-046": {"loss": 0.6721097826957703, "acc": 0.7263681888580322}, "sub-044": {"loss": 0.17908261716365814, "acc": 0.9415422677993774}, "sub-047": {"loss": 0.4372694194316864, "acc": 0.8083900213241577}, "sub-065": {"loss": 0.8862183690071106, "acc": 0.6129368543624878}, "sub-064": {"loss": 0.7949778437614441, "acc": 0.6729264259338379}, "sub-073": {"loss": 0.6152903437614441, "acc": 0.751669704914093}, "sub-075": {"loss": 0.47856733202934265, "acc": 0.8038858771324158}, "sub-009": {"loss": 0.3623972237110138, "acc": 0.8474576473236084}, "sub-031": {"loss": 0.311732679605484, "acc": 0.8649789094924927}, "sub-034": {"loss": 0.7332717776298523, "acc": 0.7021172046661377}, "sub-071": {"loss": 0.8427847623825073, "acc": 0.6207616329193115}, "sub-084": {"loss": 0.44523411989212036, "acc": 0.8315412402153015}, "sub-062": {"loss": 0.8503935933113098, "acc": 0.59138023853302}, "sub-020": {"loss": 0.3434404730796814, "acc": 0.8691919445991516}, "sub-055": {"loss": 0.6165953874588013, "acc": 0.7445482611656189}, "sub-043": {"loss": 0.5732471346855164, "acc": 0.7400497794151306}, "sub-080": {"loss": 0.4812265932559967, "acc": 0.8136200904846191}, "sub-041": {"loss": 0.5638709664344788, "acc": 0.7596519589424133}, "sub-004": {"loss": 0.7624953389167786, "acc": 0.6666666865348816}, "sub-072": {"loss": 0.31926578283309937, "acc": 0.8694596290588379}, "sub-012": {"loss": 0.9481516480445862, "acc": 0.5722357034683228}, "sub-079": {"loss": 0.776116132736206, "acc": 0.6606929302215576}, "sub-060": {"loss": 0.8856614828109741, "acc": 0.6016414165496826}, "sub-035": {"loss": 0.8062807321548462, "acc": 0.6489413976669312}, "sub-077": {"loss": 0.9516437649726868, "acc": 0.5335533618927002}, "sub-068": {"loss": 0.7218827605247498, "acc": 0.7052686214447021}, "sub-045": {"loss": 0.50401771068573, "acc": 0.7916666865348816}, "sub-003": {"loss": 0.40618249773979187, "acc": 0.8272800445556641}, "sub-042": {"loss": 0.3259417712688446, "acc": 0.8781946897506714}, "sub-029": {"loss": 0.5656960606575012, "acc": 0.7542194128036499}, "sub-002": {"loss": 0.5559228658676147, "acc": 0.7840375304222107}, "sub-051": {"loss": 0.9781609773635864, "acc": 0.5520249009132385}, "sub-010": {"loss": 0.6372639536857605, "acc": 0.7259886860847473}, "sub-025": {"loss": 0.4353860020637512, "acc": 0.8357810378074646}, "sub-053": {"loss": 0.8134229183197021, "acc": 0.6380062103271484}, "sub-081": {"loss": 0.778075635433197, "acc": 0.6447028517723083}, "sub-074": {"loss": 0.4265134930610657, "acc": 0.8391013741493225}}