{"sub-050": {"loss": 1.4926390647888184, "acc": 0.4152684509754181}, "sub-038": {"loss": 0.8038380742073059, "acc": 0.6753670573234558}, "sub-061": {"loss": 0.7562775611877441, "acc": 0.6906710267066956}, "sub-024": {"loss": 0.7486073970794678, "acc": 0.6955205798149109}, "sub-028": {"loss": 0.5852466821670532, "acc": 0.7737341523170471}, "sub-021": {"loss": 1.1251362562179565, "acc": 0.528834342956543}, "sub-085": {"loss": 0.5477572083473206, "acc": 0.7997311949729919}, "sub-048": {"loss": 0.7148315906524658, "acc": 0.7154088020324707}, "sub-052": {"loss": 0.6401523947715759, "acc": 0.7308411002159119}, "sub-069": {"loss": 1.108049750328064, "acc": 0.5524256825447083}, "sub-059": {"loss": 0.7494653463363647, "acc": 0.6931260228157043}, "sub-040": {"loss": 0.9630909562110901, "acc": 0.5954322814941406}, "sub-005": {"loss": 0.7449303865432739, "acc": 0.7169559597969055}, "sub-057": {"loss": 0.6431074738502502, "acc": 0.7483633160591125}, "sub-027": {"loss": 0.5027645826339722, "acc": 0.7990506291389465}, "sub-076": {"loss": 1.0565204620361328, "acc": 0.5947176814079285}, "sub-006": {"loss": 0.5728044509887695, "acc": 0.7722973227500916}, "sub-018": {"loss": 0.8641499876976013, "acc": 0.662530243396759}, "sub-032": {"loss": 0.5623267889022827, "acc": 0.7658788561820984}, "sub-014": {"loss": 0.7475772500038147, "acc": 0.6972392797470093}, "sub-015": {"loss": 0.8818455338478088, "acc": 0.6331719160079956}, "sub-066": {"loss": 1.0201138257980347, "acc": 0.5735524296760559}, "sub-049": {"loss": 1.114134430885315, "acc": 0.5149532556533813}, "sub-008": {"loss": 0.5670344233512878, "acc": 0.7796609997749329}, "sub-054": {"loss": 1.0323007106781006, "acc": 0.5714953541755676}, "sub-023": {"loss": 0.9966655969619751, "acc": 0.6125766634941101}, "sub-039": {"loss": 0.766506552696228, "acc": 0.6818923354148865}, "sub-082": {"loss": 0.9539507031440735, "acc": 0.5990143418312073}, "sub-063": {"loss": 1.050636887550354, "acc": 0.5833333134651184}, "sub-070": {"loss": 0.6323866844177246, "acc": 0.7550860643386841}, "sub-026": {"loss": 0.9026861190795898, "acc": 0.6407384872436523}, "sub-022": {"loss": 0.8758442997932434, "acc": 0.6460122466087341}, "sub-011": {"loss": 1.143965482711792, "acc": 0.5493341684341431}, "sub-056": {"loss": 1.139123558998108, "acc": 0.5341121554374695}, "sub-036": {"loss": 0.7096911072731018, "acc": 0.7300590872764587}, "sub-078": {"loss": 0.6179276704788208, "acc": 0.7668488025665283}, "sub-019": {"loss": 0.5896149277687073, "acc": 0.7639225125312805}, "sub-058": {"loss": 0.5864119529724121, "acc": 0.75}, "sub-033": {"loss": 1.0067353248596191, "acc": 0.5672082901000977}, "sub-083": {"loss": 0.8923029899597168, "acc": 0.6294803023338318}, "sub-001": {"loss": 0.6322138905525208, "acc": 0.7388014793395996}, "sub-013": {"loss": 0.5414150953292847, "acc": 0.7896488904953003}, "sub-007": {"loss": 0.761330246925354, "acc": 0.6952179074287415}, "sub-030": {"loss": 0.8181197047233582, "acc": 0.6696993708610535}, "sub-067": {"loss": 0.9845690727233887, "acc": 0.5946791768074036}, "sub-037": {"loss": 0.6828458905220032, "acc": 0.7165579199790955}, "sub-016": {"loss": 1.0163097381591797, "acc": 0.5771791934967041}, "sub-017": {"loss": 0.9131160974502563, "acc": 0.6293103694915771}, "sub-046": {"loss": 0.8780317306518555, "acc": 0.652518630027771}, "sub-044": {"loss": 0.28224992752075195, "acc": 0.89552241563797}, "sub-047": {"loss": 0.5830361247062683, "acc": 0.7746598720550537}, "sub-065": {"loss": 1.1636862754821777, "acc": 0.5152581930160522}, "sub-064": {"loss": 1.0407987833023071, "acc": 0.5802034139633179}, "sub-073": {"loss": 0.773678719997406, "acc": 0.6962659358978271}, "sub-075": {"loss": 0.6286928057670593, "acc": 0.7668488025665283}, "sub-009": {"loss": 0.530890941619873, "acc": 0.783595621585846}, "sub-031": {"loss": 0.4073353409767151, "acc": 0.8366297483444214}, "sub-034": {"loss": 0.9588378667831421, "acc": 0.6292466521263123}, "sub-071": {"loss": 1.0952309370040894, "acc": 0.556729257106781}, "sub-084": {"loss": 0.5744954943656921, "acc": 0.7692652344703674}, "sub-062": {"loss": 1.046590805053711, "acc": 0.5441898703575134}, "sub-020": {"loss": 0.44628018140792847, "acc": 0.8378787636756897}, "sub-055": {"loss": 0.8483160138130188, "acc": 0.6836448311805725}, "sub-043": {"loss": 0.7057863473892212, "acc": 0.701958954334259}, "sub-080": {"loss": 0.6251708269119263, "acc": 0.7526881694793701}, "sub-041": {"loss": 0.7745534777641296, "acc": 0.6892333030700684}, "sub-004": {"loss": 1.0037822723388672, "acc": 0.5678353905677795}, "sub-072": {"loss": 0.43066468834877014, "acc": 0.8387978076934814}, "sub-012": {"loss": 1.1897348165512085, "acc": 0.49485471844673157}, "sub-079": {"loss": 1.0016487836837769, "acc": 0.583781361579895}, "sub-060": {"loss": 1.257734775543213, "acc": 0.4644886255264282}, "sub-035": {"loss": 1.0821239948272705, "acc": 0.5184637904167175}, "sub-077": {"loss": 1.2112375497817993, "acc": 0.45627063512802124}, "sub-068": {"loss": 0.9785942435264587, "acc": 0.5899843573570251}, "sub-045": {"loss": 0.7717508673667908, "acc": 0.6963619589805603}, "sub-003": {"loss": 0.5673416256904602, "acc": 0.7772396802902222}, "sub-042": {"loss": 0.41854798793792725, "acc": 0.8421696424484253}, "sub-029": {"loss": 0.738513708114624, "acc": 0.6882911324501038}, "sub-002": {"loss": 0.6823475956916809, "acc": 0.7409037351608276}, "sub-051": {"loss": 1.2549382448196411, "acc": 0.44252336025238037}, "sub-010": {"loss": 0.8112423419952393, "acc": 0.6710048317909241}, "sub-025": {"loss": 0.5870664715766907, "acc": 0.7630173563957214}, "sub-053": {"loss": 1.017614722251892, "acc": 0.5658878684043884}, "sub-081": {"loss": 1.0797059535980225, "acc": 0.5329457521438599}, "sub-074": {"loss": 0.5744892954826355, "acc": 0.7900728583335876}}