{"sub-050": {"loss": 2.4689769744873047, "acc": 0.19015659391880035}, "sub-038": {"loss": 1.4044567346572876, "acc": 0.4986405670642853}, "sub-061": {"loss": 1.3160560131072998, "acc": 0.5417348742485046}, "sub-024": {"loss": 1.3423326015472412, "acc": 0.5230024456977844}, "sub-028": {"loss": 1.1006361246109009, "acc": 0.6181434392929077}, "sub-021": {"loss": 1.81877863407135, "acc": 0.3501022458076477}, "sub-085": {"loss": 1.0484092235565186, "acc": 0.6589008569717407}, "sub-048": {"loss": 1.244018316268921, "acc": 0.592126727104187}, "sub-052": {"loss": 1.2024723291397095, "acc": 0.5524402856826782}, "sub-069": {"loss": 1.8183612823486328, "acc": 0.36602330207824707}, "sub-059": {"loss": 1.3114314079284668, "acc": 0.5091834664344788}, "sub-040": {"loss": 1.6082350015640259, "acc": 0.43882545828819275}, "sub-005": {"loss": 1.299908995628357, "acc": 0.5352321863174438}, "sub-057": {"loss": 1.1389003992080688, "acc": 0.6182942390441895}, "sub-027": {"loss": 0.9139218926429749, "acc": 0.6633263230323792}, "sub-076": {"loss": 1.7781598567962646, "acc": 0.4124671220779419}, "sub-006": {"loss": 0.9769861698150635, "acc": 0.6402402520179749}, "sub-018": {"loss": 1.5158250331878662, "acc": 0.48493409156799316}, "sub-032": {"loss": 1.049147605895996, "acc": 0.6353192329406738}, "sub-014": {"loss": 1.3501460552215576, "acc": 0.5195637345314026}, "sub-015": {"loss": 1.5574318170547485, "acc": 0.4478073716163635}, "sub-066": {"loss": 1.656615138053894, "acc": 0.3952355980873108}, "sub-049": {"loss": 1.8644828796386719, "acc": 0.3090342581272125}, "sub-008": {"loss": 1.0468158721923828, "acc": 0.633575439453125}, "sub-054": {"loss": 1.7465882301330566, "acc": 0.3896157741546631}, "sub-023": {"loss": 1.6944245100021362, "acc": 0.4061349630355835}, "sub-039": {"loss": 1.410644769668579, "acc": 0.5193039774894714}, "sub-082": {"loss": 1.6342347860336304, "acc": 0.386300265789032}, "sub-063": {"loss": 1.7768621444702148, "acc": 0.409146249294281}, "sub-070": {"loss": 1.1967782974243164, "acc": 0.5571205019950867}, "sub-026": {"loss": 1.544229507446289, "acc": 0.47228947281837463}, "sub-022": {"loss": 1.5135456323623657, "acc": 0.45589637756347656}, "sub-011": {"loss": 1.8789936304092407, "acc": 0.39144471287727356}, "sub-056": {"loss": 1.9031667709350586, "acc": 0.3289719521999359}, "sub-036": {"loss": 1.2437584400177002, "acc": 0.5757426619529724}, "sub-078": {"loss": 1.104981780052185, "acc": 0.5934021472930908}, "sub-019": {"loss": 1.0883197784423828, "acc": 0.6177024245262146}, "sub-058": {"loss": 1.0706005096435547, "acc": 0.631205677986145}, "sub-033": {"loss": 1.7918269634246826, "acc": 0.3586082458496094}, "sub-083": {"loss": 1.5155727863311768, "acc": 0.4456391930580139}, "sub-001": {"loss": 1.1417399644851685, "acc": 0.5887812972068787}, "sub-013": {"loss": 0.9968587756156921, "acc": 0.6536185145378113}, "sub-007": {"loss": 1.352563500404358, "acc": 0.5345708727836609}, "sub-030": {"loss": 1.4983279705047607, "acc": 0.4818916916847229}, "sub-067": {"loss": 1.6980254650115967, "acc": 0.39627891778945923}, "sub-037": {"loss": 1.2011044025421143, "acc": 0.5426862239837646}, "sub-016": {"loss": 1.7040473222732544, "acc": 0.4078558087348938}, "sub-017": {"loss": 1.6604946851730347, "acc": 0.4144897162914276}, "sub-046": {"loss": 1.557541012763977, "acc": 0.4320066273212433}, "sub-044": {"loss": 0.5376261472702026, "acc": 0.8086650371551514}, "sub-047": {"loss": 1.0922313928604126, "acc": 0.6213151812553406}, "sub-065": {"loss": 1.8881081342697144, "acc": 0.373152494430542}, "sub-064": {"loss": 1.7539751529693604, "acc": 0.3999304473400116}, "sub-073": {"loss": 1.4895747900009155, "acc": 0.4685286283493042}, "sub-075": {"loss": 1.1514652967453003, "acc": 0.5976523160934448}, "sub-009": {"loss": 0.9590073823928833, "acc": 0.6608824133872986}, "sub-031": {"loss": 0.7978914976119995, "acc": 0.7002461552619934}, "sub-034": {"loss": 1.641966700553894, "acc": 0.45773839950561523}, "sub-071": {"loss": 1.7836980819702148, "acc": 0.38097721338272095}, "sub-084": {"loss": 1.0655983686447144, "acc": 0.6133014559745789}, "sub-062": {"loss": 1.8436013460159302, "acc": 0.3098745346069336}, "sub-020": {"loss": 0.8686074614524841, "acc": 0.7033669948577881}, "sub-055": {"loss": 1.4546244144439697, "acc": 0.4807892143726349}, "sub-043": {"loss": 1.3045575618743896, "acc": 0.5613598823547363}, "sub-080": {"loss": 1.1825494766235352, "acc": 0.5786539316177368}, "sub-041": {"loss": 1.3392913341522217, "acc": 0.5330795645713806}, "sub-004": {"loss": 1.756987452507019, "acc": 0.3712737262248993}, "sub-072": {"loss": 0.8783752918243408, "acc": 0.7035013437271118}, "sub-012": {"loss": 1.979568362236023, "acc": 0.29069140553474426}, "sub-079": {"loss": 1.7514411211013794, "acc": 0.3598168194293976}, "sub-060": {"loss": 1.948673129081726, "acc": 0.3072390556335449}, "sub-035": {"loss": 1.7857102155685425, "acc": 0.3538486659526825}, "sub-077": {"loss": 2.005805730819702, "acc": 0.2669600248336792}, "sub-068": {"loss": 1.6215656995773315, "acc": 0.4383585453033447}, "sub-045": {"loss": 1.3234766721725464, "acc": 0.5279850959777832}, "sub-003": {"loss": 1.107927918434143, "acc": 0.5899919271469116}, "sub-042": {"loss": 0.8014709949493408, "acc": 0.7232191562652588}, "sub-029": {"loss": 1.3420960903167725, "acc": 0.5293600559234619}, "sub-002": {"loss": 1.220538854598999, "acc": 0.587897777557373}, "sub-051": {"loss": 2.0457682609558105, "acc": 0.26438215374946594}, "sub-010": {"loss": 1.4689866304397583, "acc": 0.4527845084667206}, "sub-025": {"loss": 1.0970499515533447, "acc": 0.6187509298324585}, "sub-053": {"loss": 1.733086109161377, "acc": 0.38234683871269226}, "sub-081": {"loss": 1.7799659967422485, "acc": 0.3527131676673889}, "sub-074": {"loss": 1.1311415433883667, "acc": 0.598259449005127}}