{"sub-050": {"loss": 1.8889802694320679, "acc": 0.3553921580314636}, "sub-038": {"loss": 1.1089107990264893, "acc": 0.5618022084236145}, "sub-061": {"loss": 1.0676946640014648, "acc": 0.598800003528595}, "sub-024": {"loss": 1.0450177192687988, "acc": 0.5871749520301819}, "sub-028": {"loss": 0.860560417175293, "acc": 0.6623475551605225}, "sub-021": {"loss": 1.4220285415649414, "acc": 0.44504180550575256}, "sub-085": {"loss": 0.859382688999176, "acc": 0.6688596606254578}, "sub-048": {"loss": 1.0023890733718872, "acc": 0.6058282256126404}, "sub-052": {"loss": 0.9782137870788574, "acc": 0.6020036339759827}, "sub-069": {"loss": 1.4066580533981323, "acc": 0.4789433479309082}, "sub-059": {"loss": 1.0427675247192383, "acc": 0.5888000130653381}, "sub-040": {"loss": 1.2274562120437622, "acc": 0.5243221521377563}, "sub-005": {"loss": 1.1102732419967651, "acc": 0.5697522759437561}, "sub-057": {"loss": 0.8476806879043579, "acc": 0.671999990940094}, "sub-027": {"loss": 0.768032431602478, "acc": 0.6932164430618286}, "sub-076": {"loss": 1.4400871992111206, "acc": 0.4991087317466736}, "sub-006": {"loss": 0.9217719435691833, "acc": 0.6391820311546326}, "sub-018": {"loss": 1.1760224103927612, "acc": 0.5452127456665039}, "sub-032": {"loss": 0.9021468758583069, "acc": 0.668109655380249}, "sub-014": {"loss": 1.0685439109802246, "acc": 0.5821385979652405}, "sub-015": {"loss": 1.2406814098358154, "acc": 0.5378250479698181}, "sub-066": {"loss": 1.3350518941879272, "acc": 0.5141654014587402}, "sub-049": {"loss": 1.4319970607757568, "acc": 0.4403460919857025}, "sub-008": {"loss": 0.8733839392662048, "acc": 0.6382978558540344}, "sub-054": {"loss": 1.397456169128418, "acc": 0.47768670320510864}, "sub-023": {"loss": 1.3335011005401611, "acc": 0.5038829445838928}, "sub-039": {"loss": 1.0944057703018188, "acc": 0.5781499147415161}, "sub-082": {"loss": 1.2537721395492554, "acc": 0.48903509974479675}, "sub-063": {"loss": 1.387104868888855, "acc": 0.48698315024375916}, "sub-070": {"loss": 0.904120147228241, "acc": 0.65696781873703}, "sub-026": {"loss": 1.1943079233169556, "acc": 0.5596926808357239}, "sub-022": {"loss": 1.1508357524871826, "acc": 0.5471923351287842}, "sub-011": {"loss": 1.5183913707733154, "acc": 0.4899527132511139}, "sub-056": {"loss": 1.5401045083999634, "acc": 0.3852458894252777}, "sub-036": {"loss": 0.9082030653953552, "acc": 0.6327561140060425}, "sub-078": {"loss": 0.9009152054786682, "acc": 0.6377005577087402}, "sub-019": {"loss": 0.8716822266578674, "acc": 0.6643025875091553}, "sub-058": {"loss": 0.8868492245674133, "acc": 0.6467999815940857}, "sub-033": {"loss": 1.3578273057937622, "acc": 0.4747474789619446}, "sub-083": {"loss": 1.0926520824432373, "acc": 0.555701732635498}, "sub-001": {"loss": 0.8947780132293701, "acc": 0.6474586129188538}, "sub-013": {"loss": 0.8162121176719666, "acc": 0.6956264972686768}, "sub-007": {"loss": 1.1139605045318604, "acc": 0.5726950168609619}, "sub-030": {"loss": 1.1472606658935547, "acc": 0.5621188879013062}, "sub-067": {"loss": 1.325240135192871, "acc": 0.5107197761535645}, "sub-037": {"loss": 0.9786742925643921, "acc": 0.6084529757499695}, "sub-016": {"loss": 1.3620872497558594, "acc": 0.4790189266204834}, "sub-017": {"loss": 1.2648251056671143, "acc": 0.5397553443908691}, "sub-046": {"loss": 1.1640199422836304, "acc": 0.5409091114997864}, "sub-044": {"loss": 0.4756883680820465, "acc": 0.8086363673210144}, "sub-047": {"loss": 0.8988025188446045, "acc": 0.6486710906028748}, "sub-065": {"loss": 1.4764765501022339, "acc": 0.46056661009788513}, "sub-064": {"loss": 1.3527649641036987, "acc": 0.47090351581573486}, "sub-073": {"loss": 1.150539517402649, "acc": 0.532531201839447}, "sub-075": {"loss": 0.9312711358070374, "acc": 0.6550801992416382}, "sub-009": {"loss": 0.8306760787963867, "acc": 0.6699172854423523}, "sub-031": {"loss": 0.7014667987823486, "acc": 0.734375}, "sub-034": {"loss": 1.2781479358673096, "acc": 0.5389610528945923}, "sub-071": {"loss": 1.3077195882797241, "acc": 0.4923430383205414}, "sub-084": {"loss": 0.8602896928787231, "acc": 0.6513158082962036}, "sub-062": {"loss": 1.3546687364578247, "acc": 0.46799999475479126}, "sub-020": {"loss": 0.7002193331718445, "acc": 0.7296597361564636}, "sub-055": {"loss": 1.1649694442749023, "acc": 0.5787795782089233}, "sub-043": {"loss": 0.9676629304885864, "acc": 0.6381818056106567}, "sub-080": {"loss": 0.9786274433135986, "acc": 0.6228070259094238}, "sub-041": {"loss": 1.0519466400146484, "acc": 0.6100478172302246}, "sub-004": {"loss": 1.315662145614624, "acc": 0.4761904776096344}, "sub-072": {"loss": 0.7678853869438171, "acc": 0.7000890970230103}, "sub-012": {"loss": 1.4380762577056885, "acc": 0.4332151412963867}, "sub-079": {"loss": 1.3211418390274048, "acc": 0.5127192735671997}, "sub-060": {"loss": 1.4148539304733276, "acc": 0.43101853132247925}, "sub-035": {"loss": 1.3473248481750488, "acc": 0.47186148166656494}, "sub-077": {"loss": 1.4758518934249878, "acc": 0.3754045367240906}, "sub-068": {"loss": 1.2344218492507935, "acc": 0.5501531362533569}, "sub-045": {"loss": 1.0583730936050415, "acc": 0.5895454287528992}, "sub-003": {"loss": 0.9331747889518738, "acc": 0.6575059294700623}, "sub-042": {"loss": 0.6898159980773926, "acc": 0.7368420958518982}, "sub-029": {"loss": 1.0628021955490112, "acc": 0.5994664430618286}, "sub-002": {"loss": 1.0372520685195923, "acc": 0.6290045976638794}, "sub-051": {"loss": 1.5054539442062378, "acc": 0.4307832419872284}, "sub-010": {"loss": 1.2275617122650146, "acc": 0.5419621467590332}, "sub-025": {"loss": 0.9012685418128967, "acc": 0.6525423526763916}, "sub-053": {"loss": 1.3502317667007446, "acc": 0.48724955320358276}, "sub-081": {"loss": 1.3402191400527954, "acc": 0.4791666567325592}, "sub-074": {"loss": 0.9284166693687439, "acc": 0.6261140704154968}}