{"sub-050": {"loss": 2.1754190921783447, "acc": 0.3137255012989044}, "sub-038": {"loss": 1.2810771465301514, "acc": 0.5087719559669495}, "sub-061": {"loss": 1.2710723876953125, "acc": 0.5504000186920166}, "sub-024": {"loss": 1.2397308349609375, "acc": 0.5470449328422546}, "sub-028": {"loss": 1.0037906169891357, "acc": 0.6164634227752686}, "sub-021": {"loss": 1.602861762046814, "acc": 0.4083631932735443}, "sub-085": {"loss": 1.0264304876327515, "acc": 0.6529824733734131}, "sub-048": {"loss": 1.1584933996200562, "acc": 0.5758691430091858}, "sub-052": {"loss": 1.1875814199447632, "acc": 0.5391620993614197}, "sub-069": {"loss": 1.714882493019104, "acc": 0.3920367658138275}, "sub-059": {"loss": 1.2702462673187256, "acc": 0.530239999294281}, "sub-040": {"loss": 1.4307047128677368, "acc": 0.45741626620292664}, "sub-005": {"loss": 1.2649952173233032, "acc": 0.5272490382194519}, "sub-057": {"loss": 1.0590903759002686, "acc": 0.6144000291824341}, "sub-027": {"loss": 0.9208171367645264, "acc": 0.6414633989334106}, "sub-076": {"loss": 1.6847556829452515, "acc": 0.4213903844356537}, "sub-006": {"loss": 0.9770998954772949, "acc": 0.6472295522689819}, "sub-018": {"loss": 1.3936070203781128, "acc": 0.4957446753978729}, "sub-032": {"loss": 1.0688146352767944, "acc": 0.6069263815879822}, "sub-014": {"loss": 1.2742153406143188, "acc": 0.5137395262718201}, "sub-015": {"loss": 1.4507817029953003, "acc": 0.4829787313938141}, "sub-066": {"loss": 1.560289978981018, "acc": 0.42511484026908875}, "sub-049": {"loss": 1.7454384565353394, "acc": 0.36320582032203674}, "sub-008": {"loss": 1.0682339668273926, "acc": 0.609929084777832}, "sub-054": {"loss": 1.608566403388977, "acc": 0.4193078279495239}, "sub-023": {"loss": 1.5612167119979858, "acc": 0.4422939121723175}, "sub-039": {"loss": 1.2740421295166016, "acc": 0.5043061971664429}, "sub-082": {"loss": 1.345734715461731, "acc": 0.47789472341537476}, "sub-063": {"loss": 1.6452927589416504, "acc": 0.45329248905181885}, "sub-070": {"loss": 1.1241178512573242, "acc": 0.5923430323600769}, "sub-026": {"loss": 1.4377728700637817, "acc": 0.5070921778678894}, "sub-022": {"loss": 1.352574110031128, "acc": 0.4876941442489624}, "sub-011": {"loss": 1.7703686952590942, "acc": 0.41513001918792725}, "sub-056": {"loss": 1.7698571681976318, "acc": 0.360291451215744}, "sub-036": {"loss": 1.1722079515457153, "acc": 0.5532467365264893}, "sub-078": {"loss": 1.1080245971679688, "acc": 0.5754010677337646}, "sub-019": {"loss": 1.0527215003967285, "acc": 0.6137115955352783}, "sub-058": {"loss": 1.0080630779266357, "acc": 0.6358399987220764}, "sub-033": {"loss": 1.6119740009307861, "acc": 0.4277056157588959}, "sub-083": {"loss": 1.307644248008728, "acc": 0.4863157868385315}, "sub-001": {"loss": 1.1756908893585205, "acc": 0.5685579180717468}, "sub-013": {"loss": 0.9928707480430603, "acc": 0.6226950287818909}, "sub-007": {"loss": 1.2870047092437744, "acc": 0.5108746886253357}, "sub-030": {"loss": 1.3656210899353027, "acc": 0.4826219379901886}, "sub-067": {"loss": 1.5466465950012207, "acc": 0.48147013783454895}, "sub-037": {"loss": 1.2006030082702637, "acc": 0.5572567582130432}, "sub-016": {"loss": 1.628824234008789, "acc": 0.4380614757537842}, "sub-017": {"loss": 1.5018408298492432, "acc": 0.4556574821472168}, "sub-046": {"loss": 1.3955522775650024, "acc": 0.45236364006996155}, "sub-044": {"loss": 0.5608838200569153, "acc": 0.7643636465072632}, "sub-047": {"loss": 1.0918910503387451, "acc": 0.6166113018989563}, "sub-065": {"loss": 1.7048548460006714, "acc": 0.4125574231147766}, "sub-064": {"loss": 1.5733639001846313, "acc": 0.4428790211677551}, "sub-073": {"loss": 1.3559342622756958, "acc": 0.49304813146591187}, "sub-075": {"loss": 1.0595967769622803, "acc": 0.6160427927970886}, "sub-009": {"loss": 0.9829931259155273, "acc": 0.6418439745903015}, "sub-031": {"loss": 0.7998139262199402, "acc": 0.692378044128418}, "sub-034": {"loss": 1.516761064529419, "acc": 0.46666666865348816}, "sub-071": {"loss": 1.582288384437561, "acc": 0.414701372385025}, "sub-084": {"loss": 1.0179234743118286, "acc": 0.6228070259094238}, "sub-062": {"loss": 1.6084426641464233, "acc": 0.4121600091457367}, "sub-020": {"loss": 0.8367664813995361, "acc": 0.6828402280807495}, "sub-055": {"loss": 1.430443525314331, "acc": 0.47322404384613037}, "sub-043": {"loss": 1.2738232612609863, "acc": 0.5654545426368713}, "sub-080": {"loss": 1.1694788932800293, "acc": 0.5817543864250183}, "sub-041": {"loss": 1.2398290634155273, "acc": 0.5387559533119202}, "sub-004": {"loss": 1.4943935871124268, "acc": 0.4238095283508301}, "sub-072": {"loss": 0.8241491913795471, "acc": 0.6926916241645813}, "sub-012": {"loss": 1.6914067268371582, "acc": 0.368085116147995}, "sub-079": {"loss": 1.5665256977081299, "acc": 0.4171929955482483}, "sub-060": {"loss": 1.627265453338623, "acc": 0.40037035942077637}, "sub-035": {"loss": 1.6565803289413452, "acc": 0.38845598697662354}, "sub-077": {"loss": 1.6621146202087402, "acc": 0.3656958043575287}, "sub-068": {"loss": 1.4891092777252197, "acc": 0.46584993600845337}, "sub-045": {"loss": 1.2731521129608154, "acc": 0.515999972820282}, "sub-003": {"loss": 1.1117790937423706, "acc": 0.6066193580627441}, "sub-042": {"loss": 0.8175448179244995, "acc": 0.6944178342819214}, "sub-029": {"loss": 1.2250916957855225, "acc": 0.5152438879013062}, "sub-002": {"loss": 1.1964867115020752, "acc": 0.5723112225532532}, "sub-051": {"loss": 1.8340766429901123, "acc": 0.34863388538360596}, "sub-010": {"loss": 1.4111571311950684, "acc": 0.47328606247901917}, "sub-025": {"loss": 1.0827417373657227, "acc": 0.6010430455207825}, "sub-053": {"loss": 1.6545090675354004, "acc": 0.42222222685813904}, "sub-081": {"loss": 1.4683672189712524, "acc": 0.4386363625526428}, "sub-074": {"loss": 1.1270751953125, "acc": 0.5832442045211792}}