{"sub-050": {"loss": 1.7892431020736694, "acc": 0.3261744976043701}, "sub-038": {"loss": 0.9569822549819946, "acc": 0.6277324557304382}, "sub-061": {"loss": 0.8930971026420593, "acc": 0.6474632024765015}, "sub-024": {"loss": 0.8927296996116638, "acc": 0.6532687544822693}, "sub-028": {"loss": 0.6995143294334412, "acc": 0.7386075854301453}, "sub-021": {"loss": 1.2908806800842285, "acc": 0.48760735988616943}, "sub-085": {"loss": 0.6988421678543091, "acc": 0.727957010269165}, "sub-048": {"loss": 0.8767475485801697, "acc": 0.6192871928215027}, "sub-052": {"loss": 0.8161463141441345, "acc": 0.6908411383628845}, "sub-069": {"loss": 1.3057312965393066, "acc": 0.48012518882751465}, "sub-059": {"loss": 0.9272089600563049, "acc": 0.6238952279090881}, "sub-040": {"loss": 1.1475999355316162, "acc": 0.5725938081741333}, "sub-005": {"loss": 0.8827341794967651, "acc": 0.6464619636535645}, "sub-057": {"loss": 0.7477598190307617, "acc": 0.7260228991508484}, "sub-027": {"loss": 0.5941578149795532, "acc": 0.7699366807937622}, "sub-076": {"loss": 1.2042968273162842, "acc": 0.5253187417984009}, "sub-006": {"loss": 0.6612569093704224, "acc": 0.7402702569961548}, "sub-018": {"loss": 1.0348314046859741, "acc": 0.6079903244972229}, "sub-032": {"loss": 0.682146430015564, "acc": 0.7184638381004333}, "sub-014": {"loss": 0.8950814604759216, "acc": 0.6193864941596985}, "sub-015": {"loss": 1.0788936614990234, "acc": 0.5702179074287415}, "sub-066": {"loss": 1.2356102466583252, "acc": 0.5345852971076965}, "sub-049": {"loss": 1.2532873153686523, "acc": 0.5005607604980469}, "sub-008": {"loss": 0.7242730259895325, "acc": 0.7048426270484924}, "sub-054": {"loss": 1.2283269166946411, "acc": 0.509906530380249}, "sub-023": {"loss": 1.174803376197815, "acc": 0.5516564249992371}, "sub-039": {"loss": 0.9705991744995117, "acc": 0.6332789659500122}, "sub-082": {"loss": 1.1156516075134277, "acc": 0.5437275767326355}, "sub-063": {"loss": 1.2456310987472534, "acc": 0.5217527151107788}, "sub-070": {"loss": 0.80589359998703, "acc": 0.6848200559616089}, "sub-026": {"loss": 1.0857188701629639, "acc": 0.5755447745323181}, "sub-022": {"loss": 1.044590950012207, "acc": 0.5933742523193359}, "sub-011": {"loss": 1.3520714044570923, "acc": 0.503389835357666}, "sub-056": {"loss": 1.3936954736709595, "acc": 0.44523364305496216}, "sub-036": {"loss": 0.8594740033149719, "acc": 0.6750369071960449}, "sub-078": {"loss": 0.7382601499557495, "acc": 0.7216757535934448}, "sub-019": {"loss": 0.717678964138031, "acc": 0.7208232283592224}, "sub-058": {"loss": 0.6949024796485901, "acc": 0.7325695753097534}, "sub-033": {"loss": 1.2458484172821045, "acc": 0.5031019449234009}, "sub-083": {"loss": 1.0217446088790894, "acc": 0.5992831587791443}, "sub-001": {"loss": 0.7177371978759766, "acc": 0.7145278453826904}, "sub-013": {"loss": 0.6699993014335632, "acc": 0.7348668575286865}, "sub-007": {"loss": 0.8946245908737183, "acc": 0.659079909324646}, "sub-030": {"loss": 1.025262713432312, "acc": 0.6009493470191956}, "sub-067": {"loss": 1.1473642587661743, "acc": 0.5370892286300659}, "sub-037": {"loss": 0.8599517941474915, "acc": 0.6721044182777405}, "sub-016": {"loss": 1.1751537322998047, "acc": 0.5297820568084717}, "sub-017": {"loss": 1.1535362005233765, "acc": 0.5561128258705139}, "sub-046": {"loss": 1.101840615272522, "acc": 0.5608208775520325}, "sub-044": {"loss": 0.34931525588035583, "acc": 0.8522388339042664}, "sub-047": {"loss": 0.7340136170387268, "acc": 0.6945578455924988}, "sub-065": {"loss": 1.2780332565307617, "acc": 0.5073552131652832}, "sub-064": {"loss": 1.2548907995224, "acc": 0.5251955986022949}, "sub-073": {"loss": 0.985808789730072, "acc": 0.6320582628250122}, "sub-075": {"loss": 0.7223613858222961, "acc": 0.741712212562561}, "sub-009": {"loss": 0.5792621970176697, "acc": 0.7818402051925659}, "sub-031": {"loss": 0.5137000679969788, "acc": 0.8050633072853088}, "sub-034": {"loss": 1.1117544174194336, "acc": 0.5831609964370728}, "sub-071": {"loss": 1.2218141555786133, "acc": 0.5023474097251892}, "sub-084": {"loss": 0.7318425178527832, "acc": 0.7014337182044983}, "sub-062": {"loss": 1.2688074111938477, "acc": 0.4743044078350067}, "sub-020": {"loss": 0.5510991215705872, "acc": 0.789393961429596}, "sub-055": {"loss": 0.9834774136543274, "acc": 0.5985046625137329}, "sub-043": {"loss": 0.8813005685806274, "acc": 0.6608209013938904}, "sub-080": {"loss": 0.8168199062347412, "acc": 0.689605712890625}, "sub-041": {"loss": 0.9342027902603149, "acc": 0.641761839389801}, "sub-004": {"loss": 1.203818440437317, "acc": 0.5201219320297241}, "sub-072": {"loss": 0.5679258108139038, "acc": 0.7693989276885986}, "sub-012": {"loss": 1.4530880451202393, "acc": 0.4033898413181305}, "sub-079": {"loss": 1.2501157522201538, "acc": 0.49856629967689514}, "sub-060": {"loss": 1.3943310976028442, "acc": 0.4534091055393219}, "sub-035": {"loss": 1.2703670263290405, "acc": 0.5025110840797424}, "sub-077": {"loss": 1.4284424781799316, "acc": 0.39537954330444336}, "sub-068": {"loss": 1.1287211179733276, "acc": 0.5558685660362244}, "sub-045": {"loss": 0.8939405083656311, "acc": 0.6507462859153748}, "sub-003": {"loss": 0.706781804561615, "acc": 0.7108958959579468}, "sub-042": {"loss": 0.5053839683532715, "acc": 0.8238173127174377}, "sub-029": {"loss": 0.8932487368583679, "acc": 0.6487341523170471}, "sub-002": {"loss": 0.8384906649589539, "acc": 0.701643168926239}, "sub-051": {"loss": 1.438536524772644, "acc": 0.3876635432243347}, "sub-010": {"loss": 1.004055142402649, "acc": 0.6193704605102539}, "sub-025": {"loss": 0.7208437323570251, "acc": 0.7359145283699036}, "sub-053": {"loss": 1.205570101737976, "acc": 0.517756998538971}, "sub-081": {"loss": 1.1894071102142334, "acc": 0.5310077667236328}, "sub-074": {"loss": 0.7597298622131348, "acc": 0.7136611938476562}}