{"sub-050": {"loss": 1.5598692893981934, "acc": 0.42810457944869995}, "sub-038": {"loss": 0.8510741591453552, "acc": 0.6400850415229797}, "sub-061": {"loss": 0.8217415809631348, "acc": 0.6554666757583618}, "sub-024": {"loss": 0.7952249050140381, "acc": 0.6753349304199219}, "sub-028": {"loss": 0.5978735685348511, "acc": 0.7378048896789551}, "sub-021": {"loss": 1.0860087871551514, "acc": 0.5463958382606506}, "sub-085": {"loss": 0.7001389265060425, "acc": 0.7029239535331726}, "sub-048": {"loss": 0.742668628692627, "acc": 0.7068848013877869}, "sub-052": {"loss": 0.7374959588050842, "acc": 0.7091681957244873}, "sub-069": {"loss": 1.1310349702835083, "acc": 0.5487493872642517}, "sub-059": {"loss": 0.7898115515708923, "acc": 0.6762666702270508}, "sub-040": {"loss": 0.9923002123832703, "acc": 0.6230728626251221}, "sub-005": {"loss": 0.8274219632148743, "acc": 0.661451518535614}, "sub-057": {"loss": 0.6832239627838135, "acc": 0.7423999905586243}, "sub-027": {"loss": 0.553785502910614, "acc": 0.7804877758026123}, "sub-076": {"loss": 1.0950974225997925, "acc": 0.5811051726341248}, "sub-006": {"loss": 0.6793010234832764, "acc": 0.7141600847244263}, "sub-018": {"loss": 0.9176525473594666, "acc": 0.6300236582756042}, "sub-032": {"loss": 0.7240116000175476, "acc": 0.7037037014961243}, "sub-014": {"loss": 0.8101723790168762, "acc": 0.6539227366447449}, "sub-015": {"loss": 0.9752470254898071, "acc": 0.6150512099266052}, "sub-066": {"loss": 1.0344305038452148, "acc": 0.5722307562828064}, "sub-049": {"loss": 1.1089389324188232, "acc": 0.567091703414917}, "sub-008": {"loss": 0.6664596796035767, "acc": 0.7371946573257446}, "sub-054": {"loss": 1.0425235033035278, "acc": 0.5743776559829712}, "sub-023": {"loss": 0.9968364834785461, "acc": 0.5854241251945496}, "sub-039": {"loss": 0.8516620993614197, "acc": 0.6496544480323792}, "sub-082": {"loss": 0.9461438059806824, "acc": 0.5976608395576477}, "sub-063": {"loss": 1.1253381967544556, "acc": 0.5732516646385193}, "sub-070": {"loss": 0.702976644039154, "acc": 0.7258805632591248}, "sub-026": {"loss": 0.9514126777648926, "acc": 0.6315996646881104}, "sub-022": {"loss": 0.9494237899780273, "acc": 0.6009557843208313}, "sub-011": {"loss": 1.183585524559021, "acc": 0.5587076544761658}, "sub-056": {"loss": 1.1520771980285645, "acc": 0.5148755311965942}, "sub-036": {"loss": 0.7236554622650146, "acc": 0.7094756960868835}, "sub-078": {"loss": 0.669270932674408, "acc": 0.7207368016242981}, "sub-019": {"loss": 0.6708046197891235, "acc": 0.7415287494659424}, "sub-058": {"loss": 0.6684366464614868, "acc": 0.7322666645050049}, "sub-033": {"loss": 1.0836776494979858, "acc": 0.5810486078262329}, "sub-083": {"loss": 0.8728667497634888, "acc": 0.644444465637207}, "sub-001": {"loss": 0.6760609745979309, "acc": 0.719464123249054}, "sub-013": {"loss": 0.5848855972290039, "acc": 0.7631993889808655}, "sub-007": {"loss": 0.8500247597694397, "acc": 0.670606791973114}, "sub-030": {"loss": 0.9026610851287842, "acc": 0.6310975551605225}, "sub-067": {"loss": 1.0436770915985107, "acc": 0.6059213876724243}, "sub-037": {"loss": 0.8432512879371643, "acc": 0.6624135971069336}, "sub-016": {"loss": 1.0496902465820312, "acc": 0.6044129133224487}, "sub-017": {"loss": 0.949151873588562, "acc": 0.6411824822425842}, "sub-046": {"loss": 0.9091346263885498, "acc": 0.5945454835891724}, "sub-044": {"loss": 0.3711603581905365, "acc": 0.8315151333808899}, "sub-047": {"loss": 0.7032297253608704, "acc": 0.7203765511512756}, "sub-065": {"loss": 1.1851061582565308, "acc": 0.5543644428253174}, "sub-064": {"loss": 1.0676863193511963, "acc": 0.5584481954574585}, "sub-073": {"loss": 0.9531237483024597, "acc": 0.6173499822616577}, "sub-075": {"loss": 0.7354764342308044, "acc": 0.69994056224823}, "sub-009": {"loss": 0.6433562636375427, "acc": 0.7360126376152039}, "sub-031": {"loss": 0.4949030578136444, "acc": 0.7931910753250122}, "sub-034": {"loss": 1.004586100578308, "acc": 0.6036555767059326}, "sub-071": {"loss": 1.081799030303955, "acc": 0.5196529030799866}, "sub-084": {"loss": 0.6205372214317322, "acc": 0.7380117177963257}, "sub-062": {"loss": 1.0806165933609009, "acc": 0.5088000297546387}, "sub-020": {"loss": 0.5375973582267761, "acc": 0.7721893787384033}, "sub-055": {"loss": 0.9365550875663757, "acc": 0.6017000675201416}, "sub-043": {"loss": 0.777847409248352, "acc": 0.6806060671806335}, "sub-080": {"loss": 0.7545927166938782, "acc": 0.726900577545166}, "sub-041": {"loss": 0.8182435631752014, "acc": 0.6772993206977844}, "sub-004": {"loss": 1.041207194328308, "acc": 0.5724206566810608}, "sub-072": {"loss": 0.5279653668403625, "acc": 0.7938205599784851}, "sub-012": {"loss": 1.1893317699432373, "acc": 0.4964539110660553}, "sub-079": {"loss": 1.0272091627120972, "acc": 0.5818713307380676}, "sub-060": {"loss": 1.1188535690307617, "acc": 0.5549382567405701}, "sub-035": {"loss": 1.0806245803833008, "acc": 0.5507455468177795}, "sub-077": {"loss": 1.1412253379821777, "acc": 0.4973031282424927}, "sub-068": {"loss": 0.9909139275550842, "acc": 0.6130678653717041}, "sub-045": {"loss": 0.7942517995834351, "acc": 0.6800000071525574}, "sub-003": {"loss": 0.7584360241889954, "acc": 0.6903073191642761}, "sub-042": {"loss": 0.47661441564559937, "acc": 0.7969165444374084}, "sub-029": {"loss": 0.8057201504707336, "acc": 0.6514227390289307}, "sub-002": {"loss": 0.770142138004303, "acc": 0.7166285514831543}, "sub-051": {"loss": 1.2451740503311157, "acc": 0.4893746078014374}, "sub-010": {"loss": 0.8995554447174072, "acc": 0.6363278031349182}, "sub-025": {"loss": 0.6596181988716125, "acc": 0.7249022126197815}, "sub-053": {"loss": 1.05642569065094, "acc": 0.5865209698677063}, "sub-081": {"loss": 1.0144811868667603, "acc": 0.5694444179534912}, "sub-074": {"loss": 0.6946368217468262, "acc": 0.724301815032959}}