{"sub-010": {"loss": 0.6319595575332642, "acc": 0.7457627058029175}, "sub-057": {"loss": 0.5206456780433655, "acc": 0.7850518226623535}, "sub-006": {"loss": 0.39181649684906006, "acc": 0.842792809009552}, "sub-015": {"loss": 0.681611955165863, "acc": 0.7154963612556458}, "sub-039": {"loss": 0.5145972371101379, "acc": 0.7873844504356384}, "sub-058": {"loss": 0.39347174763679504, "acc": 0.8461538553237915}, "sub-026": {"loss": 0.6900158524513245, "acc": 0.7138821482658386}, "sub-028": {"loss": 0.3975194990634918, "acc": 0.8444092869758606}, "sub-055": {"loss": 0.6673501133918762, "acc": 0.717756986618042}, "sub-061": {"loss": 0.5926691889762878, "acc": 0.7615930438041687}, "sub-078": {"loss": 0.4380539357662201, "acc": 0.8190649747848511}, "sub-005": {"loss": 0.5854249596595764, "acc": 0.7516688704490662}, "sub-041": {"loss": 0.4599345624446869, "acc": 0.8189233541488647}, "sub-062": {"loss": 0.8383901715278625, "acc": 0.6148390769958496}, "sub-036": {"loss": 0.4705779552459717, "acc": 0.7961595058441162}, "sub-072": {"loss": 0.38131603598594666, "acc": 0.8427444100379944}, "sub-081": {"loss": 0.7899121642112732, "acc": 0.6550387740135193}, "sub-011": {"loss": 0.9505165815353394, "acc": 0.6101694703102112}, "sub-018": {"loss": 0.6888371109962463, "acc": 0.7142857313156128}, "sub-085": {"loss": 0.3927287459373474, "acc": 0.8554360866546631}, "sub-080": {"loss": 0.5351883172988892, "acc": 0.780764639377594}, "sub-063": {"loss": 0.8082325458526611, "acc": 0.6645800471305847}, "sub-014": {"loss": 0.6216893196105957, "acc": 0.7226994037628174}, "sub-071": {"loss": 0.7966346144676208, "acc": 0.6452791094779968}, "sub-073": {"loss": 0.5990214347839355, "acc": 0.7364906072616577}, "sub-024": {"loss": 0.5513392090797424, "acc": 0.7594834566116333}, "sub-021": {"loss": 0.9231469035148621, "acc": 0.6057259440422058}, "sub-066": {"loss": 0.7831377387046814, "acc": 0.6369327306747437}, "sub-050": {"loss": 1.0893875360488892, "acc": 0.49440714716911316}, "sub-043": {"loss": 0.5227426290512085, "acc": 0.78482586145401}, "sub-065": {"loss": 0.820706844329834, "acc": 0.6619718074798584}, "sub-077": {"loss": 1.1311100721359253, "acc": 0.4664466381072998}, "sub-083": {"loss": 0.6841947436332703, "acc": 0.7281959652900696}, "sub-032": {"loss": 0.3674125373363495, "acc": 0.8586903214454651}, "sub-075": {"loss": 0.409467875957489, "acc": 0.8142076730728149}, "sub-031": {"loss": 0.2515653669834137, "acc": 0.8892405033111572}, "sub-034": {"loss": 0.7741462588310242, "acc": 0.6755293011665344}, "sub-056": {"loss": 0.9002533555030823, "acc": 0.6137071847915649}, "sub-051": {"loss": 0.9439679980278015, "acc": 0.6099688410758972}, "sub-042": {"loss": 0.33113765716552734, "acc": 0.8727569580078125}, "sub-029": {"loss": 0.5489229559898376, "acc": 0.7663502097129822}, "sub-001": {"loss": 0.4389840066432953, "acc": 0.8228409886360168}, "sub-008": {"loss": 0.409066766500473, "acc": 0.8474576473236084}, "sub-012": {"loss": 0.8861678242683411, "acc": 0.604519784450531}, "sub-048": {"loss": 0.5316657423973083, "acc": 0.7854647040367126}, "sub-064": {"loss": 0.7404391169548035, "acc": 0.6990088820457458}, "sub-049": {"loss": 0.8518126606941223, "acc": 0.6068536043167114}, "sub-019": {"loss": 0.459744393825531, "acc": 0.8083131313323975}, "sub-069": {"loss": 0.8462513089179993, "acc": 0.6291079521179199}, "sub-025": {"loss": 0.46197816729545593, "acc": 0.8024032115936279}, "sub-045": {"loss": 0.6039835214614868, "acc": 0.72947758436203}, "sub-074": {"loss": 0.4469294548034668, "acc": 0.8075288534164429}, "sub-033": {"loss": 0.7766669988632202, "acc": 0.6484490633010864}, "sub-076": {"loss": 0.8095622062683105, "acc": 0.6551305651664734}, "sub-054": {"loss": 0.81779944896698, "acc": 0.6392523646354675}, "sub-067": {"loss": 0.7059289216995239, "acc": 0.7005738019943237}, "sub-003": {"loss": 0.4654994308948517, "acc": 0.8127522468566895}, "sub-046": {"loss": 0.6265968680381775, "acc": 0.7394278645515442}, "sub-060": {"loss": 0.8432005047798157, "acc": 0.6306818127632141}, "sub-002": {"loss": 0.5465102791786194, "acc": 0.7648670077323914}, "sub-079": {"loss": 0.7428028583526611, "acc": 0.6738350987434387}, "sub-004": {"loss": 0.8258558511734009, "acc": 0.6412601470947266}, "sub-009": {"loss": 0.38733330368995667, "acc": 0.8357546329498291}, "sub-017": {"loss": 0.6888681054115295, "acc": 0.7304075360298157}, "sub-040": {"loss": 0.7106820344924927, "acc": 0.6971179842948914}, "sub-016": {"loss": 0.7767932415008545, "acc": 0.6654559969902039}, "sub-030": {"loss": 0.6218953132629395, "acc": 0.7083333134651184}, "sub-044": {"loss": 0.19262155890464783, "acc": 0.9347015023231506}, "sub-037": {"loss": 0.5115754008293152, "acc": 0.7928221821784973}, "sub-023": {"loss": 0.7518560290336609, "acc": 0.6683026552200317}, "sub-059": {"loss": 0.5646002888679504, "acc": 0.7490452527999878}, "sub-068": {"loss": 0.6862576603889465, "acc": 0.721439778804779}, "sub-013": {"loss": 0.38065651059150696, "acc": 0.8446327447891235}, "sub-047": {"loss": 0.5059524178504944, "acc": 0.8021541833877563}, "sub-027": {"loss": 0.3219122290611267, "acc": 0.8644514679908752}, "sub-053": {"loss": 0.8454264402389526, "acc": 0.6093457937240601}, "sub-038": {"loss": 0.5728630423545837, "acc": 0.7487764954566956}, "sub-007": {"loss": 0.6192131638526917, "acc": 0.736884593963623}, "sub-070": {"loss": 0.5244859457015991, "acc": 0.7939488887786865}, "sub-022": {"loss": 0.6501256823539734, "acc": 0.7186093926429749}, "sub-084": {"loss": 0.4935430586338043, "acc": 0.7873356938362122}, "sub-035": {"loss": 0.8027878403663635, "acc": 0.6410635113716125}, "sub-020": {"loss": 0.378390371799469, "acc": 0.8429293036460876}, "sub-082": {"loss": 0.7390747666358948, "acc": 0.663679838180542}, "sub-052": {"loss": 0.47114768624305725, "acc": 0.7919003367424011}}