{"sub-010": {"loss": 1.4453520774841309, "acc": 0.4713478684425354}, "sub-057": {"loss": 1.2272485494613647, "acc": 0.5761047601699829}, "sub-006": {"loss": 1.0531529188156128, "acc": 0.6174173951148987}, "sub-015": {"loss": 1.613186240196228, "acc": 0.43704599142074585}, "sub-039": {"loss": 1.2660646438598633, "acc": 0.5372484922409058}, "sub-058": {"loss": 0.9839723110198975, "acc": 0.6713948249816895}, "sub-026": {"loss": 1.4987465143203735, "acc": 0.46637073159217834}, "sub-028": {"loss": 0.9950663447380066, "acc": 0.6471518874168396}, "sub-055": {"loss": 1.432662010192871, "acc": 0.5187954306602478}, "sub-061": {"loss": 1.308825135231018, "acc": 0.5386433601379395}, "sub-078": {"loss": 1.113512635231018, "acc": 0.5974498987197876}, "sub-005": {"loss": 1.3473353385925293, "acc": 0.5172823071479797}, "sub-041": {"loss": 1.1638990640640259, "acc": 0.5856443643569946}, "sub-062": {"loss": 1.7912592887878418, "acc": 0.33915257453918457}, "sub-036": {"loss": 1.201250672340393, "acc": 0.5898572206497192}, "sub-072": {"loss": 0.8681924343109131, "acc": 0.7020846009254456}, "sub-081": {"loss": 1.7698239088058472, "acc": 0.3578811287879944}, "sub-011": {"loss": 1.9778023958206177, "acc": 0.3591606020927429}, "sub-018": {"loss": 1.5352250337600708, "acc": 0.47350013256073}, "sub-085": {"loss": 1.0653531551361084, "acc": 0.6119076013565063}, "sub-080": {"loss": 1.202966570854187, "acc": 0.5798486471176147}, "sub-063": {"loss": 1.7181998491287231, "acc": 0.4352286458015442}, "sub-014": {"loss": 1.4870753288269043, "acc": 0.47948193550109863}, "sub-071": {"loss": 1.760932207107544, "acc": 0.38984525203704834}, "sub-073": {"loss": 1.4820210933685303, "acc": 0.45415908098220825}, "sub-024": {"loss": 1.3404326438903809, "acc": 0.505649745464325}, "sub-021": {"loss": 1.9535446166992188, "acc": 0.33851397037506104}, "sub-066": {"loss": 1.7281478643417358, "acc": 0.3849765360355377}, "sub-050": {"loss": 2.153812885284424, "acc": 0.29269203543663025}, "sub-043": {"loss": 1.315759301185608, "acc": 0.541252076625824}, "sub-065": {"loss": 1.8095275163650513, "acc": 0.3602851629257202}, "sub-077": {"loss": 2.2719507217407227, "acc": 0.19581958651542664}, "sub-083": {"loss": 1.480141520500183, "acc": 0.45539626479148865}, "sub-032": {"loss": 1.0429593324661255, "acc": 0.5855900049209595}, "sub-075": {"loss": 1.0894490480422974, "acc": 0.5764015316963196}, "sub-031": {"loss": 0.6923523545265198, "acc": 0.7327707409858704}, "sub-034": {"loss": 1.7004200220108032, "acc": 0.4160512089729309}, "sub-056": {"loss": 1.8505382537841797, "acc": 0.3946002125740051}, "sub-051": {"loss": 2.0433318614959717, "acc": 0.28431984782218933}, "sub-042": {"loss": 0.8080450892448425, "acc": 0.7379010319709778}, "sub-029": {"loss": 1.3143972158432007, "acc": 0.5383263230323792}, "sub-001": {"loss": 1.1458162069320679, "acc": 0.5842077136039734}, "sub-008": {"loss": 1.0718045234680176, "acc": 0.6062685251235962}, "sub-012": {"loss": 1.9397941827774048, "acc": 0.3066989481449127}, "sub-048": {"loss": 1.3026330471038818, "acc": 0.5220125913619995}, "sub-064": {"loss": 1.6837060451507568, "acc": 0.41453659534454346}, "sub-049": {"loss": 1.8353619575500488, "acc": 0.34745585918426514}, "sub-019": {"loss": 1.1092863082885742, "acc": 0.5910680890083313}, "sub-069": {"loss": 1.8809133768081665, "acc": 0.3449834883213043}, "sub-025": {"loss": 1.0579097270965576, "acc": 0.6269099712371826}, "sub-045": {"loss": 1.399999737739563, "acc": 0.5022802948951721}, "sub-074": {"loss": 1.1592142581939697, "acc": 0.5634486675262451}, "sub-033": {"loss": 1.7119038105010986, "acc": 0.41014277935028076}, "sub-076": {"loss": 1.6894187927246094, "acc": 0.43412265181541443}, "sub-054": {"loss": 1.7651337385177612, "acc": 0.3865005075931549}, "sub-067": {"loss": 1.621266484260559, "acc": 0.4307076930999756}, "sub-003": {"loss": 1.182959794998169, "acc": 0.5702179074287415}, "sub-046": {"loss": 1.5168627500534058, "acc": 0.45045605301856995}, "sub-060": {"loss": 1.8899754285812378, "acc": 0.29229798913002014}, "sub-002": {"loss": 1.282025933265686, "acc": 0.5944183468818665}, "sub-079": {"loss": 1.6535794734954834, "acc": 0.4109916388988495}, "sub-004": {"loss": 1.8753383159637451, "acc": 0.32621949911117554}, "sub-009": {"loss": 0.9483794569969177, "acc": 0.6630346775054932}, "sub-017": {"loss": 1.622743010520935, "acc": 0.4336467981338501}, "sub-040": {"loss": 1.6936098337173462, "acc": 0.4225122332572937}, "sub-016": {"loss": 1.656996488571167, "acc": 0.4192897379398346}, "sub-030": {"loss": 1.466660737991333, "acc": 0.450070321559906}, "sub-044": {"loss": 0.5346941351890564, "acc": 0.8045190572738647}, "sub-037": {"loss": 1.2186509370803833, "acc": 0.5729563236236572}, "sub-023": {"loss": 1.6912071704864502, "acc": 0.41363325715065}, "sub-059": {"loss": 1.2887455224990845, "acc": 0.5510092973709106}, "sub-068": {"loss": 1.6379992961883545, "acc": 0.4307076930999756}, "sub-013": {"loss": 0.9924027919769287, "acc": 0.6493139863014221}, "sub-047": {"loss": 1.199772596359253, "acc": 0.5922146439552307}, "sub-027": {"loss": 0.8733522295951843, "acc": 0.674578070640564}, "sub-053": {"loss": 1.8275303840637207, "acc": 0.38712358474731445}, "sub-038": {"loss": 1.4269888401031494, "acc": 0.4808772802352905}, "sub-007": {"loss": 1.413500428199768, "acc": 0.5053806900978088}, "sub-070": {"loss": 1.2494314908981323, "acc": 0.5477308034896851}, "sub-022": {"loss": 1.5155335664749146, "acc": 0.4698023200035095}, "sub-084": {"loss": 1.1505746841430664, "acc": 0.6091198921203613}, "sub-035": {"loss": 1.7797324657440186, "acc": 0.35401278734207153}, "sub-020": {"loss": 0.9417901635169983, "acc": 0.6712121367454529}, "sub-082": {"loss": 1.6795399188995361, "acc": 0.39247313141822815}, "sub-052": {"loss": 1.2157800197601318, "acc": 0.5711318850517273}}