{"sub-010": {"loss": 1.034950613975525, "acc": 0.5953994989395142}, "sub-057": {"loss": 0.7878289818763733, "acc": 0.7047463059425354}, "sub-006": {"loss": 0.6704244017601013, "acc": 0.7408108115196228}, "sub-015": {"loss": 1.1009114980697632, "acc": 0.5627118349075317}, "sub-039": {"loss": 0.8388198018074036, "acc": 0.6805872917175293}, "sub-058": {"loss": 0.6383188962936401, "acc": 0.760065495967865}, "sub-026": {"loss": 1.0106645822525024, "acc": 0.6038740873336792}, "sub-028": {"loss": 0.6171047687530518, "acc": 0.7835443019866943}, "sub-055": {"loss": 0.959791898727417, "acc": 0.6459813117980957}, "sub-061": {"loss": 0.9011383056640625, "acc": 0.6553191542625427}, "sub-078": {"loss": 0.7110976576805115, "acc": 0.7191256880760193}, "sub-005": {"loss": 0.9113900065422058, "acc": 0.6467289924621582}, "sub-041": {"loss": 0.7414914965629578, "acc": 0.7037520408630371}, "sub-062": {"loss": 1.2626816034317017, "acc": 0.4723404347896576}, "sub-036": {"loss": 0.8248337507247925, "acc": 0.688330888748169}, "sub-072": {"loss": 0.5675858855247498, "acc": 0.7810564637184143}, "sub-081": {"loss": 1.2621376514434814, "acc": 0.47829458117485046}, "sub-011": {"loss": 1.4186195135116577, "acc": 0.4733656048774719}, "sub-018": {"loss": 1.0488532781600952, "acc": 0.6072639226913452}, "sub-085": {"loss": 0.7007994055747986, "acc": 0.7358422875404358}, "sub-080": {"loss": 0.7895834445953369, "acc": 0.7172042727470398}, "sub-063": {"loss": 1.205064296722412, "acc": 0.5336463451385498}, "sub-014": {"loss": 1.0072864294052124, "acc": 0.6095705628395081}, "sub-071": {"loss": 1.2342512607574463, "acc": 0.5057902932167053}, "sub-073": {"loss": 0.9808774590492249, "acc": 0.6207650303840637}, "sub-024": {"loss": 0.8971771597862244, "acc": 0.6430992484092712}, "sub-021": {"loss": 1.4039533138275146, "acc": 0.4537423253059387}, "sub-066": {"loss": 1.2497508525848389, "acc": 0.5073552131652832}, "sub-050": {"loss": 1.6562343835830688, "acc": 0.37718120217323303}, "sub-043": {"loss": 0.8459133505821228, "acc": 0.6832089424133301}, "sub-065": {"loss": 1.257375717163086, "acc": 0.5142409801483154}, "sub-077": {"loss": 1.691770076751709, "acc": 0.3082508146762848}, "sub-083": {"loss": 1.0356088876724243, "acc": 0.5974910259246826}, "sub-032": {"loss": 0.6587485074996948, "acc": 0.7477104663848877}, "sub-075": {"loss": 0.7110382914543152, "acc": 0.6979963779449463}, "sub-031": {"loss": 0.4596244990825653, "acc": 0.8085442781448364}, "sub-034": {"loss": 1.197217345237732, "acc": 0.5353028178215027}, "sub-056": {"loss": 1.3237569332122803, "acc": 0.5091588497161865}, "sub-051": {"loss": 1.426830768585205, "acc": 0.4399999976158142}, "sub-042": {"loss": 0.48969683051109314, "acc": 0.8185970783233643}, "sub-029": {"loss": 0.85622638463974, "acc": 0.6632911562919617}, "sub-001": {"loss": 0.7528117895126343, "acc": 0.7128329277038574}, "sub-008": {"loss": 0.6965634226799011, "acc": 0.7251815795898438}, "sub-012": {"loss": 1.3565852642059326, "acc": 0.4440678060054779}, "sub-048": {"loss": 0.8388936519622803, "acc": 0.6448637247085571}, "sub-064": {"loss": 1.190210223197937, "acc": 0.514553964138031}, "sub-049": {"loss": 1.3028968572616577, "acc": 0.4788784980773926}, "sub-019": {"loss": 0.7555149793624878, "acc": 0.7043583393096924}, "sub-069": {"loss": 1.3413965702056885, "acc": 0.4713614881038666}, "sub-025": {"loss": 0.7000426054000854, "acc": 0.7321762442588806}, "sub-045": {"loss": 0.9378622174263, "acc": 0.6152985095977783}, "sub-074": {"loss": 0.751301646232605, "acc": 0.6888889074325562}, "sub-033": {"loss": 1.21730637550354, "acc": 0.5317577719688416}, "sub-076": {"loss": 1.1773802042007446, "acc": 0.5635701417922974}, "sub-054": {"loss": 1.2937201261520386, "acc": 0.4889719486236572}, "sub-067": {"loss": 1.057318091392517, "acc": 0.5687010884284973}, "sub-003": {"loss": 0.7864099144935608, "acc": 0.6845036149024963}, "sub-046": {"loss": 1.0562070608139038, "acc": 0.5720149278640747}, "sub-060": {"loss": 1.3598202466964722, "acc": 0.405303031206131}, "sub-002": {"loss": 0.8893647193908691, "acc": 0.6751173734664917}, "sub-079": {"loss": 1.2229992151260376, "acc": 0.5243727564811707}, "sub-004": {"loss": 1.2719638347625732, "acc": 0.4719512164592743}, "sub-009": {"loss": 0.5993937849998474, "acc": 0.7762711644172668}, "sub-017": {"loss": 1.0754550695419312, "acc": 0.5673981308937073}, "sub-040": {"loss": 1.1647330522537231, "acc": 0.5526916980743408}, "sub-016": {"loss": 1.150212049484253, "acc": 0.5428571701049805}, "sub-030": {"loss": 0.9812384247779846, "acc": 0.621835470199585}, "sub-044": {"loss": 0.3557465374469757, "acc": 0.8406716585159302}, "sub-037": {"loss": 0.8370391130447388, "acc": 0.6818923354148865}, "sub-023": {"loss": 1.177877426147461, "acc": 0.5401226878166199}, "sub-059": {"loss": 0.8526560664176941, "acc": 0.6651391386985779}, "sub-068": {"loss": 1.1275913715362549, "acc": 0.5593114495277405}, "sub-013": {"loss": 0.6002039313316345, "acc": 0.7767554521560669}, "sub-047": {"loss": 0.8016040921211243, "acc": 0.6826530694961548}, "sub-027": {"loss": 0.5569462776184082, "acc": 0.7860759496688843}, "sub-053": {"loss": 1.3158162832260132, "acc": 0.4777570068836212}, "sub-038": {"loss": 0.9754952788352966, "acc": 0.6290374994277954}, "sub-007": {"loss": 0.9690622687339783, "acc": 0.638014554977417}, "sub-070": {"loss": 0.8337312340736389, "acc": 0.6732394099235535}, "sub-022": {"loss": 1.0052728652954102, "acc": 0.6127607226371765}, "sub-084": {"loss": 0.7882038950920105, "acc": 0.7017921209335327}, "sub-035": {"loss": 1.1970854997634888, "acc": 0.5051698684692383}, "sub-020": {"loss": 0.6365795731544495, "acc": 0.7821212410926819}, "sub-082": {"loss": 1.1702044010162354, "acc": 0.5275985598564148}, "sub-052": {"loss": 0.7766942977905273, "acc": 0.6923364400863647}}