{"sub-010": {"loss": 1.205243706703186, "acc": 0.5650117993354797}, "sub-057": {"loss": 0.8883717656135559, "acc": 0.6359999775886536}, "sub-006": {"loss": 0.9007425904273987, "acc": 0.6586411595344543}, "sub-015": {"loss": 1.2508341073989868, "acc": 0.5599882006645203}, "sub-039": {"loss": 1.039612054824829, "acc": 0.6032695174217224}, "sub-058": {"loss": 0.841696560382843, "acc": 0.6567999720573425}, "sub-026": {"loss": 1.2032419443130493, "acc": 0.5517139434814453}, "sub-028": {"loss": 0.795282244682312, "acc": 0.6737805008888245}, "sub-055": {"loss": 1.1218868494033813, "acc": 0.5778688788414001}, "sub-061": {"loss": 1.0277410745620728, "acc": 0.6015999913215637}, "sub-078": {"loss": 0.9485304951667786, "acc": 0.605614960193634}, "sub-005": {"loss": 1.0597823858261108, "acc": 0.5899608731269836}, "sub-041": {"loss": 0.9610145092010498, "acc": 0.6228070259094238}, "sub-062": {"loss": 1.3481178283691406, "acc": 0.4763999879360199}, "sub-036": {"loss": 0.9882702231407166, "acc": 0.62193363904953}, "sub-072": {"loss": 0.7461897134780884, "acc": 0.7179144620895386}, "sub-081": {"loss": 1.3201113939285278, "acc": 0.44412878155708313}, "sub-011": {"loss": 1.5631823539733887, "acc": 0.45981088280677795}, "sub-018": {"loss": 1.2001783847808838, "acc": 0.563829779624939}, "sub-085": {"loss": 0.9441076517105103, "acc": 0.6381579041481018}, "sub-080": {"loss": 0.9936789870262146, "acc": 0.6421052813529968}, "sub-063": {"loss": 1.3781193494796753, "acc": 0.5065084099769592}, "sub-014": {"loss": 1.1663700342178345, "acc": 0.5603345036506653}, "sub-071": {"loss": 1.3139652013778687, "acc": 0.4850689172744751}, "sub-073": {"loss": 1.1806604862213135, "acc": 0.5463458299636841}, "sub-024": {"loss": 1.0349150896072388, "acc": 0.6031323671340942}, "sub-021": {"loss": 1.6083966493606567, "acc": 0.42054957151412964}, "sub-066": {"loss": 1.3496438264846802, "acc": 0.4586523771286011}, "sub-050": {"loss": 1.71736478805542, "acc": 0.41094771027565}, "sub-043": {"loss": 1.037156581878662, "acc": 0.6009091138839722}, "sub-065": {"loss": 1.4231061935424805, "acc": 0.4900459349155426}, "sub-077": {"loss": 1.6443395614624023, "acc": 0.3535598814487457}, "sub-083": {"loss": 1.11270010471344, "acc": 0.5565789341926575}, "sub-032": {"loss": 0.8448943495750427, "acc": 0.6619769334793091}, "sub-075": {"loss": 0.8509781956672668, "acc": 0.6671122908592224}, "sub-031": {"loss": 0.5827847123146057, "acc": 0.7823932766914368}, "sub-034": {"loss": 1.3632266521453857, "acc": 0.5317460298538208}, "sub-056": {"loss": 1.4220300912857056, "acc": 0.47040072083473206}, "sub-051": {"loss": 1.548304557800293, "acc": 0.4020947217941284}, "sub-042": {"loss": 0.6783734560012817, "acc": 0.7603667974472046}, "sub-029": {"loss": 1.032639980316162, "acc": 0.597942054271698}, "sub-001": {"loss": 0.940619707107544, "acc": 0.6445035338401794}, "sub-008": {"loss": 0.9110962152481079, "acc": 0.6545508503913879}, "sub-012": {"loss": 1.4159338474273682, "acc": 0.4524231553077698}, "sub-048": {"loss": 1.0673917531967163, "acc": 0.6078732013702393}, "sub-064": {"loss": 1.342731237411499, "acc": 0.48698315024375916}, "sub-049": {"loss": 1.4466314315795898, "acc": 0.42850637435913086}, "sub-019": {"loss": 0.9409014582633972, "acc": 0.6309101581573486}, "sub-069": {"loss": 1.537178874015808, "acc": 0.4318529963493347}, "sub-025": {"loss": 0.9223506450653076, "acc": 0.6453715562820435}, "sub-045": {"loss": 1.1609827280044556, "acc": 0.5495454668998718}, "sub-074": {"loss": 1.0078940391540527, "acc": 0.6114081740379333}, "sub-033": {"loss": 1.3789167404174805, "acc": 0.5079365372657776}, "sub-076": {"loss": 1.3758971691131592, "acc": 0.5133689641952515}, "sub-054": {"loss": 1.3794963359832764, "acc": 0.48041895031929016}, "sub-067": {"loss": 1.2500584125518799, "acc": 0.508805513381958}, "sub-003": {"loss": 0.9881297945976257, "acc": 0.6371158361434937}, "sub-046": {"loss": 1.1482692956924438, "acc": 0.4954545497894287}, "sub-060": {"loss": 1.44895601272583, "acc": 0.4333333373069763}, "sub-002": {"loss": 1.104204773902893, "acc": 0.6066933870315552}, "sub-079": {"loss": 1.3023579120635986, "acc": 0.519298255443573}, "sub-004": {"loss": 1.3801196813583374, "acc": 0.494047611951828}, "sub-009": {"loss": 0.7781915068626404, "acc": 0.6843971610069275}, "sub-017": {"loss": 1.2775565385818481, "acc": 0.5481651425361633}, "sub-040": {"loss": 1.294685959815979, "acc": 0.5275119543075562}, "sub-016": {"loss": 1.3707172870635986, "acc": 0.5103427767753601}, "sub-030": {"loss": 1.1880731582641602, "acc": 0.5617377758026123}, "sub-044": {"loss": 0.5067147016525269, "acc": 0.7900000214576721}, "sub-037": {"loss": 1.080084204673767, "acc": 0.6040669679641724}, "sub-023": {"loss": 1.335038423538208, "acc": 0.5092592835426331}, "sub-059": {"loss": 1.01974356174469, "acc": 0.5952000021934509}, "sub-068": {"loss": 1.2985210418701172, "acc": 0.5084226727485657}, "sub-013": {"loss": 0.8264862895011902, "acc": 0.6746453642845154}, "sub-047": {"loss": 1.0431694984436035, "acc": 0.604651153087616}, "sub-027": {"loss": 0.6928452849388123, "acc": 0.7309451103210449}, "sub-053": {"loss": 1.4615397453308105, "acc": 0.4959016442298889}, "sub-038": {"loss": 1.1211787462234497, "acc": 0.539872407913208}, "sub-007": {"loss": 1.2364825010299683, "acc": 0.561761200428009}, "sub-070": {"loss": 0.9856847524642944, "acc": 0.6133231520652771}, "sub-022": {"loss": 1.1751443147659302, "acc": 0.5692951083183289}, "sub-084": {"loss": 0.9147247672080994, "acc": 0.6517543792724609}, "sub-035": {"loss": 1.3495070934295654, "acc": 0.48593074083328247}, "sub-020": {"loss": 0.7930721044540405, "acc": 0.6971153616905212}, "sub-082": {"loss": 1.3438650369644165, "acc": 0.4899122714996338}, "sub-052": {"loss": 0.9464057683944702, "acc": 0.619763195514679}}