{"sub-010": {"loss": 2.028825521469116, "acc": 0.3758865296840668}, "sub-057": {"loss": 1.6618319749832153, "acc": 0.444088876247406}, "sub-006": {"loss": 1.5108963251113892, "acc": 0.5046907067298889}, "sub-015": {"loss": 2.1266121864318848, "acc": 0.32348304986953735}, "sub-039": {"loss": 1.6564300060272217, "acc": 0.43469786643981934}, "sub-058": {"loss": 1.4553309679031372, "acc": 0.48533332347869873}, "sub-026": {"loss": 2.017869710922241, "acc": 0.3666929304599762}, "sub-028": {"loss": 1.4651836156845093, "acc": 0.4759485125541687}, "sub-055": {"loss": 1.8253917694091797, "acc": 0.4072050154209137}, "sub-061": {"loss": 1.8026227951049805, "acc": 0.40871110558509827}, "sub-078": {"loss": 1.6105408668518066, "acc": 0.47831255197525024}, "sub-005": {"loss": 1.8737623691558838, "acc": 0.3853397071361542}, "sub-041": {"loss": 1.6588674783706665, "acc": 0.45614033937454224}, "sub-062": {"loss": 2.2125890254974365, "acc": 0.2817777693271637}, "sub-036": {"loss": 1.6644569635391235, "acc": 0.44797179102897644}, "sub-072": {"loss": 1.3508750200271606, "acc": 0.5494157075881958}, "sub-081": {"loss": 2.1747336387634277, "acc": 0.25505051016807556}, "sub-011": {"loss": 2.473865270614624, "acc": 0.28263723850250244}, "sub-018": {"loss": 1.9753843545913696, "acc": 0.37260308861732483}, "sub-085": {"loss": 1.5518311262130737, "acc": 0.48148149251937866}, "sub-080": {"loss": 1.7334482669830322, "acc": 0.45964911580085754}, "sub-063": {"loss": 2.2724316120147705, "acc": 0.31972095370292664}, "sub-014": {"loss": 1.9340587854385376, "acc": 0.3759458363056183}, "sub-071": {"loss": 2.1223273277282715, "acc": 0.28858262300491333}, "sub-073": {"loss": 2.0528147220611572, "acc": 0.35967516899108887}, "sub-024": {"loss": 1.7640193700790405, "acc": 0.3771998882293701}, "sub-021": {"loss": 2.348212480545044, "acc": 0.280764639377594}, "sub-066": {"loss": 2.248469829559326, "acc": 0.2870512306690216}, "sub-050": {"loss": 2.7498180866241455, "acc": 0.2378358691930771}, "sub-043": {"loss": 1.7740143537521362, "acc": 0.4119192063808441}, "sub-065": {"loss": 2.297896146774292, "acc": 0.2938573956489563}, "sub-077": {"loss": 2.5349860191345215, "acc": 0.16073355078697205}, "sub-083": {"loss": 1.95036780834198, "acc": 0.3245614171028137}, "sub-032": {"loss": 1.5412904024124146, "acc": 0.4818021357059479}, "sub-075": {"loss": 1.5949106216430664, "acc": 0.46009111404418945}, "sub-031": {"loss": 1.1485830545425415, "acc": 0.5894308686256409}, "sub-034": {"loss": 2.2264347076416016, "acc": 0.33044731616973877}, "sub-056": {"loss": 2.280313014984131, "acc": 0.29589152336120605}, "sub-051": {"loss": 2.443556308746338, "acc": 0.2608783543109894}, "sub-042": {"loss": 1.2905933856964111, "acc": 0.5576820969581604}, "sub-029": {"loss": 1.7779771089553833, "acc": 0.39549458026885986}, "sub-001": {"loss": 1.634324312210083, "acc": 0.4508799612522125}, "sub-008": {"loss": 1.600027322769165, "acc": 0.45219331979751587}, "sub-012": {"loss": 2.3093314170837402, "acc": 0.2353559285402298}, "sub-048": {"loss": 1.7255034446716309, "acc": 0.4442172348499298}, "sub-064": {"loss": 2.109160900115967, "acc": 0.3275480568408966}, "sub-049": {"loss": 2.276383876800537, "acc": 0.2558186650276184}, "sub-019": {"loss": 1.6277146339416504, "acc": 0.4494352638721466}, "sub-069": {"loss": 2.383944511413574, "acc": 0.2633996903896332}, "sub-025": {"loss": 1.5871213674545288, "acc": 0.46863681077957153}, "sub-045": {"loss": 1.8935312032699585, "acc": 0.34949496388435364}, "sub-074": {"loss": 1.748054027557373, "acc": 0.41592395305633545}, "sub-033": {"loss": 2.178799867630005, "acc": 0.3267596662044525}, "sub-076": {"loss": 2.1947598457336426, "acc": 0.3715587258338928}, "sub-054": {"loss": 2.2335803508758545, "acc": 0.30904674530029297}, "sub-067": {"loss": 2.0841281414031982, "acc": 0.35885655879974365}, "sub-003": {"loss": 1.7271236181259155, "acc": 0.4566587805747986}, "sub-046": {"loss": 1.9344024658203125, "acc": 0.3658585846424103}, "sub-060": {"loss": 2.3399035930633545, "acc": 0.22962963581085205}, "sub-002": {"loss": 1.7911914587020874, "acc": 0.43389269709587097}, "sub-079": {"loss": 2.201463222503662, "acc": 0.315009742975235}, "sub-004": {"loss": 2.2116401195526123, "acc": 0.2916666567325592}, "sub-009": {"loss": 1.425195336341858, "acc": 0.5203572511672974}, "sub-017": {"loss": 2.0860559940338135, "acc": 0.35134217143058777}, "sub-040": {"loss": 2.1097822189331055, "acc": 0.32518163323402405}, "sub-016": {"loss": 2.17142653465271, "acc": 0.3267664909362793}, "sub-030": {"loss": 1.9101648330688477, "acc": 0.3663617968559265}, "sub-044": {"loss": 0.9364279508590698, "acc": 0.6503030061721802}, "sub-037": {"loss": 1.7671743631362915, "acc": 0.42264753580093384}, "sub-023": {"loss": 2.210820198059082, "acc": 0.3025355041027069}, "sub-059": {"loss": 1.8043291568756104, "acc": 0.3987555503845215}, "sub-068": {"loss": 2.1293938159942627, "acc": 0.35528331995010376}, "sub-013": {"loss": 1.4260320663452148, "acc": 0.5076175332069397}, "sub-047": {"loss": 1.7163006067276, "acc": 0.4564414918422699}, "sub-027": {"loss": 1.2810088396072388, "acc": 0.5252371430397034}, "sub-053": {"loss": 2.2945151329040527, "acc": 0.3098562955856323}, "sub-038": {"loss": 1.8406022787094116, "acc": 0.36877548694610596}, "sub-007": {"loss": 1.9523223638534546, "acc": 0.40215393900871277}, "sub-070": {"loss": 1.7465181350708008, "acc": 0.43814870715141296}, "sub-022": {"loss": 1.9451370239257812, "acc": 0.3804593086242676}, "sub-084": {"loss": 1.5632141828536987, "acc": 0.47914230823516846}, "sub-035": {"loss": 2.2336363792419434, "acc": 0.2869969606399536}, "sub-020": {"loss": 1.4188263416290283, "acc": 0.531393826007843}, "sub-082": {"loss": 2.12750244140625, "acc": 0.3085770010948181}, "sub-052": {"loss": 1.6520040035247803, "acc": 0.4361465275287628}}