{"sub-010": {"loss": 0.9156783819198608, "acc": 0.631205677986145}, "sub-057": {"loss": 0.7651509046554565, "acc": 0.6965333223342896}, "sub-006": {"loss": 0.660661518573761, "acc": 0.7194371223449707}, "sub-015": {"loss": 0.9966250061988831, "acc": 0.5933806300163269}, "sub-039": {"loss": 0.7321596145629883, "acc": 0.7187666296958923}, "sub-058": {"loss": 0.6051502227783203, "acc": 0.7701333165168762}, "sub-026": {"loss": 0.931955099105835, "acc": 0.6442080140113831}, "sub-028": {"loss": 0.6313250660896301, "acc": 0.7464430928230286}, "sub-055": {"loss": 0.8716602921485901, "acc": 0.6690953373908997}, "sub-061": {"loss": 0.7788262963294983, "acc": 0.6709333062171936}, "sub-078": {"loss": 0.7262635827064514, "acc": 0.6951871514320374}, "sub-005": {"loss": 0.8387553095817566, "acc": 0.6544980406761169}, "sub-041": {"loss": 0.7335718870162964, "acc": 0.7033492922782898}, "sub-062": {"loss": 1.0805782079696655, "acc": 0.5621333122253418}, "sub-036": {"loss": 0.7115024328231812, "acc": 0.7089946866035461}, "sub-072": {"loss": 0.5810530185699463, "acc": 0.7759952545166016}, "sub-081": {"loss": 0.9966930150985718, "acc": 0.5505050420761108}, "sub-011": {"loss": 1.3047949075698853, "acc": 0.5445232391357422}, "sub-018": {"loss": 1.0003081560134888, "acc": 0.6111111044883728}, "sub-085": {"loss": 0.6609864830970764, "acc": 0.7321637272834778}, "sub-080": {"loss": 0.7885644435882568, "acc": 0.6953216195106506}, "sub-063": {"loss": 1.1203699111938477, "acc": 0.5849923491477966}, "sub-014": {"loss": 0.9195972084999084, "acc": 0.6272401213645935}, "sub-071": {"loss": 1.0376487970352173, "acc": 0.557937741279602}, "sub-073": {"loss": 0.9665163159370422, "acc": 0.5941770672798157}, "sub-024": {"loss": 0.7864335775375366, "acc": 0.6639086008071899}, "sub-021": {"loss": 1.1511043310165405, "acc": 0.5507766008377075}, "sub-066": {"loss": 1.0163284540176392, "acc": 0.6064318418502808}, "sub-050": {"loss": 1.4507133960723877, "acc": 0.5065359473228455}, "sub-043": {"loss": 0.8316554427146912, "acc": 0.6557575464248657}, "sub-065": {"loss": 1.1215951442718506, "acc": 0.5712097883224487}, "sub-077": {"loss": 1.3544241189956665, "acc": 0.4110032320022583}, "sub-083": {"loss": 0.800628125667572, "acc": 0.6374269127845764}, "sub-032": {"loss": 0.6044512987136841, "acc": 0.7633477449417114}, "sub-075": {"loss": 0.668600857257843, "acc": 0.7213309407234192}, "sub-031": {"loss": 0.4798162579536438, "acc": 0.7972561120986938}, "sub-034": {"loss": 1.111000418663025, "acc": 0.5911495685577393}, "sub-056": {"loss": 1.0821154117584229, "acc": 0.5944141149520874}, "sub-051": {"loss": 1.180225133895874, "acc": 0.5251973271369934}, "sub-042": {"loss": 0.5640884637832642, "acc": 0.8043593764305115}, "sub-029": {"loss": 0.7837035059928894, "acc": 0.6864837408065796}, "sub-001": {"loss": 0.7050877809524536, "acc": 0.7021276354789734}, "sub-008": {"loss": 0.6645113229751587, "acc": 0.7269503474235535}, "sub-012": {"loss": 1.1196701526641846, "acc": 0.5299448370933533}, "sub-048": {"loss": 0.7451627850532532, "acc": 0.7062031626701355}, "sub-064": {"loss": 1.038349986076355, "acc": 0.5752935409545898}, "sub-049": {"loss": 1.1986315250396729, "acc": 0.5069823861122131}, "sub-019": {"loss": 0.6735407710075378, "acc": 0.741134762763977}, "sub-069": {"loss": 1.1732432842254639, "acc": 0.5482388734817505}, "sub-025": {"loss": 0.6939045786857605, "acc": 0.7114298343658447}, "sub-045": {"loss": 0.8740935921669006, "acc": 0.6424242258071899}, "sub-074": {"loss": 0.710866391658783, "acc": 0.7207368016242981}, "sub-033": {"loss": 1.0620392560958862, "acc": 0.6228955984115601}, "sub-076": {"loss": 1.0887353420257568, "acc": 0.6125965714454651}, "sub-054": {"loss": 1.083837866783142, "acc": 0.5980570912361145}, "sub-067": {"loss": 0.9900295734405518, "acc": 0.5997958183288574}, "sub-003": {"loss": 0.753399133682251, "acc": 0.7226162552833557}, "sub-046": {"loss": 0.8839807510375977, "acc": 0.6163636445999146}, "sub-060": {"loss": 1.1154382228851318, "acc": 0.5141975283622742}, "sub-002": {"loss": 0.8238648176193237, "acc": 0.6681922078132629}, "sub-079": {"loss": 0.9868278503417969, "acc": 0.5900585055351257}, "sub-004": {"loss": 1.0522669553756714, "acc": 0.5734127163887024}, "sub-009": {"loss": 0.603318989276886, "acc": 0.7600472569465637}, "sub-017": {"loss": 1.0279784202575684, "acc": 0.5820591449737549}, "sub-040": {"loss": 1.0303364992141724, "acc": 0.6034024357795715}, "sub-016": {"loss": 1.056664228439331, "acc": 0.6166272759437561}, "sub-030": {"loss": 0.8468912243843079, "acc": 0.644817054271698}, "sub-044": {"loss": 0.3884119689464569, "acc": 0.828484833240509}, "sub-037": {"loss": 0.7886293530464172, "acc": 0.6889952421188354}, "sub-023": {"loss": 1.016291618347168, "acc": 0.6065312623977661}, "sub-059": {"loss": 0.795360803604126, "acc": 0.660266637802124}, "sub-068": {"loss": 0.9621124863624573, "acc": 0.6074528098106384}, "sub-013": {"loss": 0.6023905277252197, "acc": 0.7379826903343201}, "sub-047": {"loss": 0.781093180179596, "acc": 0.6860465407371521}, "sub-027": {"loss": 0.5489988923072815, "acc": 0.747459352016449}, "sub-053": {"loss": 1.0718156099319458, "acc": 0.5810564756393433}, "sub-038": {"loss": 0.8210139870643616, "acc": 0.6650717854499817}, "sub-007": {"loss": 0.8276989459991455, "acc": 0.6804570555686951}, "sub-070": {"loss": 0.8014845252037048, "acc": 0.698315441608429}, "sub-022": {"loss": 0.908588171005249, "acc": 0.6423735618591309}, "sub-084": {"loss": 0.6663435101509094, "acc": 0.7298245429992676}, "sub-035": {"loss": 1.0619062185287476, "acc": 0.5598845481872559}, "sub-020": {"loss": 0.5997388958930969, "acc": 0.7554240822792053}, "sub-082": {"loss": 1.0142276287078857, "acc": 0.5684210658073425}, "sub-052": {"loss": 0.7295759320259094, "acc": 0.6806314587593079}}