{"sub-010": {"loss": 0.7938241362571716, "acc": 0.6846246719360352}, "sub-057": {"loss": 0.6822948455810547, "acc": 0.7369067072868347}, "sub-006": {"loss": 0.5607924461364746, "acc": 0.7844594717025757}, "sub-015": {"loss": 0.9368987083435059, "acc": 0.5995762944221497}, "sub-039": {"loss": 0.6881848573684692, "acc": 0.7422512173652649}, "sub-058": {"loss": 0.5450940728187561, "acc": 0.799099862575531}, "sub-026": {"loss": 0.8528746962547302, "acc": 0.657384991645813}, "sub-028": {"loss": 0.5222090482711792, "acc": 0.7998417615890503}, "sub-055": {"loss": 0.8341975808143616, "acc": 0.6640186905860901}, "sub-061": {"loss": 0.727577805519104, "acc": 0.7078559994697571}, "sub-078": {"loss": 0.6069288849830627, "acc": 0.7600182294845581}, "sub-005": {"loss": 0.7901632785797119, "acc": 0.6922563314437866}, "sub-041": {"loss": 0.5818467140197754, "acc": 0.7732463479042053}, "sub-062": {"loss": 1.0693461894989014, "acc": 0.5482814908027649}, "sub-036": {"loss": 0.6269280314445496, "acc": 0.7522156834602356}, "sub-072": {"loss": 0.4548005163669586, "acc": 0.8246812224388123}, "sub-081": {"loss": 1.0442404747009277, "acc": 0.5222868323326111}, "sub-011": {"loss": 1.189936876296997, "acc": 0.5275423526763916}, "sub-018": {"loss": 0.906437337398529, "acc": 0.6446731090545654}, "sub-085": {"loss": 0.5826623439788818, "acc": 0.7934587597846985}, "sub-080": {"loss": 0.6513717174530029, "acc": 0.7280465960502625}, "sub-063": {"loss": 1.0688316822052002, "acc": 0.570813775062561}, "sub-014": {"loss": 0.8472046852111816, "acc": 0.6601226925849915}, "sub-071": {"loss": 1.045373558998108, "acc": 0.5755085945129395}, "sub-073": {"loss": 0.8383619785308838, "acc": 0.6643897891044617}, "sub-024": {"loss": 0.7411690950393677, "acc": 0.7021791934967041}, "sub-021": {"loss": 1.1916065216064453, "acc": 0.5260736346244812}, "sub-066": {"loss": 0.9992563128471375, "acc": 0.5809859037399292}, "sub-050": {"loss": 1.3301963806152344, "acc": 0.4941275119781494}, "sub-043": {"loss": 0.7315062880516052, "acc": 0.6916977763175964}, "sub-065": {"loss": 1.0606554746627808, "acc": 0.5805946588516235}, "sub-077": {"loss": 1.4686756134033203, "acc": 0.34240925312042236}, "sub-083": {"loss": 0.8298312425613403, "acc": 0.6684587597846985}, "sub-032": {"loss": 0.5398216247558594, "acc": 0.7824963331222534}, "sub-075": {"loss": 0.5453103184700012, "acc": 0.7741348147392273}, "sub-031": {"loss": 0.3578636944293976, "acc": 0.858781635761261}, "sub-034": {"loss": 1.0081323385238647, "acc": 0.5853028297424316}, "sub-056": {"loss": 1.1523985862731934, "acc": 0.5439252257347107}, "sub-051": {"loss": 1.2086243629455566, "acc": 0.4943925142288208}, "sub-042": {"loss": 0.3983035981655121, "acc": 0.8380913734436035}, "sub-029": {"loss": 0.7316203713417053, "acc": 0.7128164768218994}, "sub-001": {"loss": 0.6164886355400085, "acc": 0.7736077308654785}, "sub-008": {"loss": 0.5609706044197083, "acc": 0.7684624791145325}, "sub-012": {"loss": 1.1567384004592896, "acc": 0.513014554977417}, "sub-048": {"loss": 0.6945012211799622, "acc": 0.7070230841636658}, "sub-064": {"loss": 0.9828444123268127, "acc": 0.6208920478820801}, "sub-049": {"loss": 1.0968925952911377, "acc": 0.5228971838951111}, "sub-019": {"loss": 0.6032502055168152, "acc": 0.7675544619560242}, "sub-069": {"loss": 1.1468065977096558, "acc": 0.5277777910232544}, "sub-025": {"loss": 0.5896747708320618, "acc": 0.7686915993690491}, "sub-045": {"loss": 0.7954553365707397, "acc": 0.673041045665741}, "sub-074": {"loss": 0.6630592346191406, "acc": 0.7231329679489136}, "sub-033": {"loss": 1.034532904624939, "acc": 0.5657311677932739}, "sub-076": {"loss": 0.9994874000549316, "acc": 0.6092896461486816}, "sub-054": {"loss": 1.0953986644744873, "acc": 0.5457943677902222}, "sub-067": {"loss": 0.9083058834075928, "acc": 0.6216744780540466}, "sub-003": {"loss": 0.6447147727012634, "acc": 0.744854748249054}, "sub-046": {"loss": 0.9017752408981323, "acc": 0.6124067306518555}, "sub-060": {"loss": 1.1633644104003906, "acc": 0.48721590638160706}, "sub-002": {"loss": 0.7522019743919373, "acc": 0.7144953012466431}, "sub-079": {"loss": 1.0032758712768555, "acc": 0.5815412402153015}, "sub-004": {"loss": 1.051719069480896, "acc": 0.5609756112098694}, "sub-009": {"loss": 0.5239096283912659, "acc": 0.7935835123062134}, "sub-017": {"loss": 0.8895676136016846, "acc": 0.6418495178222656}, "sub-040": {"loss": 0.9959525465965271, "acc": 0.6015497446060181}, "sub-016": {"loss": 0.9770054817199707, "acc": 0.5723365545272827}, "sub-030": {"loss": 0.847483217716217, "acc": 0.6416139006614685}, "sub-044": {"loss": 0.26519066095352173, "acc": 0.9001865386962891}, "sub-037": {"loss": 0.7127293348312378, "acc": 0.7222675085067749}, "sub-023": {"loss": 0.931064784526825, "acc": 0.6193251609802246}, "sub-059": {"loss": 0.7083300948143005, "acc": 0.7045826315879822}, "sub-068": {"loss": 0.9412304759025574, "acc": 0.6255868673324585}, "sub-013": {"loss": 0.4935060739517212, "acc": 0.8062953948974609}, "sub-047": {"loss": 0.6492055058479309, "acc": 0.7376700639724731}, "sub-027": {"loss": 0.47341808676719666, "acc": 0.815664529800415}, "sub-053": {"loss": 1.0784114599227905, "acc": 0.5514018535614014}, "sub-038": {"loss": 0.7659319639205933, "acc": 0.6937193870544434}, "sub-007": {"loss": 0.7667747735977173, "acc": 0.6940072774887085}, "sub-070": {"loss": 0.6598469614982605, "acc": 0.7265258431434631}, "sub-022": {"loss": 0.9017347693443298, "acc": 0.6444784998893738}, "sub-084": {"loss": 0.6530922055244446, "acc": 0.7464157938957214}, "sub-035": {"loss": 1.0684027671813965, "acc": 0.5439438819885254}, "sub-020": {"loss": 0.4710392951965332, "acc": 0.8113636374473572}, "sub-082": {"loss": 0.9683557748794556, "acc": 0.5828853249549866}, "sub-052": {"loss": 0.6222760677337646, "acc": 0.7392523288726807}}