{"sub-010": {"loss": 1.4511151313781738, "acc": 0.49479904770851135}, "sub-057": {"loss": 1.1353166103363037, "acc": 0.5737599730491638}, "sub-006": {"loss": 1.043413758277893, "acc": 0.6298152804374695}, "sub-015": {"loss": 1.4809972047805786, "acc": 0.48439717292785645}, "sub-039": {"loss": 1.1798880100250244, "acc": 0.5429027080535889}, "sub-058": {"loss": 0.9667123556137085, "acc": 0.6233599781990051}, "sub-026": {"loss": 1.4509931802749634, "acc": 0.5002363920211792}, "sub-028": {"loss": 1.0366828441619873, "acc": 0.579878032207489}, "sub-055": {"loss": 1.3804713487625122, "acc": 0.5122039914131165}, "sub-061": {"loss": 1.2626237869262695, "acc": 0.5372800230979919}, "sub-078": {"loss": 1.1495312452316284, "acc": 0.5786096453666687}, "sub-005": {"loss": 1.2832777500152588, "acc": 0.5285528302192688}, "sub-041": {"loss": 1.079264760017395, "acc": 0.6015949249267578}, "sub-062": {"loss": 1.5999387502670288, "acc": 0.41280001401901245}, "sub-036": {"loss": 1.1611013412475586, "acc": 0.5682539939880371}, "sub-072": {"loss": 0.833022952079773, "acc": 0.6869875192642212}, "sub-081": {"loss": 1.6090031862258911, "acc": 0.3954545557498932}, "sub-011": {"loss": 1.8391398191452026, "acc": 0.40330970287323}, "sub-018": {"loss": 1.4420723915100098, "acc": 0.4867612421512604}, "sub-085": {"loss": 1.029539942741394, "acc": 0.6224561333656311}, "sub-080": {"loss": 1.1585110425949097, "acc": 0.5778947472572327}, "sub-063": {"loss": 1.6573673486709595, "acc": 0.4459418058395386}, "sub-014": {"loss": 1.3443385362625122, "acc": 0.5163679718971252}, "sub-071": {"loss": 1.5541964769363403, "acc": 0.4064318537712097}, "sub-073": {"loss": 1.4498423337936401, "acc": 0.5040998458862305}, "sub-024": {"loss": 1.2756812572479248, "acc": 0.5004727840423584}, "sub-021": {"loss": 1.723068356513977, "acc": 0.4038231670856476}, "sub-066": {"loss": 1.5259251594543457, "acc": 0.43338438868522644}, "sub-050": {"loss": 2.128251314163208, "acc": 0.33006536960601807}, "sub-043": {"loss": 1.227771520614624, "acc": 0.5432727336883545}, "sub-065": {"loss": 1.683682918548584, "acc": 0.40673813223838806}, "sub-077": {"loss": 1.9159142971038818, "acc": 0.27766990661621094}, "sub-083": {"loss": 1.2923529148101807, "acc": 0.5140351057052612}, "sub-032": {"loss": 0.9902685284614563, "acc": 0.6297258138656616}, "sub-075": {"loss": 1.0648976564407349, "acc": 0.6174688339233398}, "sub-031": {"loss": 0.7818354964256287, "acc": 0.6838414669036865}, "sub-034": {"loss": 1.608098030090332, "acc": 0.43694084882736206}, "sub-056": {"loss": 1.6812729835510254, "acc": 0.4025501012802124}, "sub-051": {"loss": 1.7269861698150635, "acc": 0.3504553735256195}, "sub-042": {"loss": 0.8962755799293518, "acc": 0.6966507434844971}, "sub-029": {"loss": 1.2187776565551758, "acc": 0.5396341681480408}, "sub-001": {"loss": 1.0896633863449097, "acc": 0.6101654767990112}, "sub-008": {"loss": 1.051969051361084, "acc": 0.6052009463310242}, "sub-012": {"loss": 1.6909774541854858, "acc": 0.3853427767753601}, "sub-048": {"loss": 1.1534165143966675, "acc": 0.5787321329116821}, "sub-064": {"loss": 1.5064780712127686, "acc": 0.457886666059494}, "sub-049": {"loss": 1.7268620729446411, "acc": 0.3646630346775055}, "sub-019": {"loss": 1.1209163665771484, "acc": 0.590307354927063}, "sub-069": {"loss": 1.7792576551437378, "acc": 0.3892802596092224}, "sub-025": {"loss": 1.0717166662216187, "acc": 0.6091264486312866}, "sub-045": {"loss": 1.3844407796859741, "acc": 0.49054545164108276}, "sub-074": {"loss": 1.145073413848877, "acc": 0.5632798671722412}, "sub-033": {"loss": 1.5905499458312988, "acc": 0.4496392607688904}, "sub-076": {"loss": 1.6059372425079346, "acc": 0.48734402656555176}, "sub-054": {"loss": 1.6419854164123535, "acc": 0.39708560705184937}, "sub-067": {"loss": 1.385316014289856, "acc": 0.4977028965950012}, "sub-003": {"loss": 1.1487842798233032, "acc": 0.588652491569519}, "sub-046": {"loss": 1.294908881187439, "acc": 0.4810909032821655}, "sub-060": {"loss": 1.6926238536834717, "acc": 0.36222222447395325}, "sub-002": {"loss": 1.281997561454773, "acc": 0.5590388774871826}, "sub-079": {"loss": 1.574312448501587, "acc": 0.43824562430381775}, "sub-004": {"loss": 1.6381661891937256, "acc": 0.40416666865348816}, "sub-009": {"loss": 0.9648045897483826, "acc": 0.6345153450965881}, "sub-017": {"loss": 1.5129567384719849, "acc": 0.4501529037952423}, "sub-040": {"loss": 1.4971461296081543, "acc": 0.4803827702999115}, "sub-016": {"loss": 1.5751402378082275, "acc": 0.46690306067466736}, "sub-030": {"loss": 1.3582128286361694, "acc": 0.5225609540939331}, "sub-044": {"loss": 0.6024842262268066, "acc": 0.7614545226097107}, "sub-037": {"loss": 1.2019946575164795, "acc": 0.5594896078109741}, "sub-023": {"loss": 1.5428017377853394, "acc": 0.44086021184921265}, "sub-059": {"loss": 1.2075823545455933, "acc": 0.5424000024795532}, "sub-068": {"loss": 1.6011364459991455, "acc": 0.46094945073127747}, "sub-013": {"loss": 0.9297962784767151, "acc": 0.6595744490623474}, "sub-047": {"loss": 1.2137038707733154, "acc": 0.5598006844520569}, "sub-027": {"loss": 0.8980010747909546, "acc": 0.6606707572937012}, "sub-053": {"loss": 1.699059247970581, "acc": 0.4065573811531067}, "sub-038": {"loss": 1.2334243059158325, "acc": 0.5215311050415039}, "sub-007": {"loss": 1.4034830331802368, "acc": 0.5215129852294922}, "sub-070": {"loss": 1.2705270051956177, "acc": 0.5574272871017456}, "sub-022": {"loss": 1.4015494585037231, "acc": 0.49510154128074646}, "sub-084": {"loss": 1.0703221559524536, "acc": 0.5908771753311157}, "sub-035": {"loss": 1.5968258380889893, "acc": 0.4158730208873749}, "sub-020": {"loss": 0.9480342268943787, "acc": 0.6517751216888428}, "sub-082": {"loss": 1.602841854095459, "acc": 0.4273684322834015}, "sub-052": {"loss": 1.125524878501892, "acc": 0.578506350517273}}