{"sub-066": {"loss": 1.5747276544570923, "acc": 0.41010719537734985}, "sub-038": {"loss": 1.3256924152374268, "acc": 0.47208932042121887}, "sub-055": {"loss": 1.2804464101791382, "acc": 0.5311475396156311}, "sub-078": {"loss": 1.282884955406189, "acc": 0.498752236366272}, "sub-064": {"loss": 1.6545813083648682, "acc": 0.38683000206947327}, "sub-008": {"loss": 1.1199820041656494, "acc": 0.5713948011398315}, "sub-068": {"loss": 1.5451865196228027, "acc": 0.41347625851631165}, "sub-004": {"loss": 1.646530270576477, "acc": 0.3553571403026581}, "sub-067": {"loss": 1.532454490661621, "acc": 0.41776415705680847}, "sub-031": {"loss": 0.9172168970108032, "acc": 0.6445121765136719}, "sub-083": {"loss": 1.7203803062438965, "acc": 0.30877193808555603}, "sub-033": {"loss": 1.6430526971817017, "acc": 0.366233766078949}, "sub-040": {"loss": 1.4866873025894165, "acc": 0.4475279152393341}, "sub-058": {"loss": 1.1898486614227295, "acc": 0.532480001449585}, "sub-010": {"loss": 1.4824875593185425, "acc": 0.4406619369983673}, "sub-035": {"loss": 1.6138290166854858, "acc": 0.3835497796535492}, "sub-073": {"loss": 1.5195069313049316, "acc": 0.4017825424671173}, "sub-018": {"loss": 1.4056150913238525, "acc": 0.4754137098789215}, "sub-023": {"loss": 1.7432143688201904, "acc": 0.348626047372818}, "sub-032": {"loss": 1.1017260551452637, "acc": 0.5847041606903076}, "sub-057": {"loss": 1.2034982442855835, "acc": 0.5225600004196167}, "sub-056": {"loss": 1.6566493511199951, "acc": 0.36721310019493103}, "sub-071": {"loss": 1.6987215280532837, "acc": 0.3323124051094055}, "sub-021": {"loss": 1.6735975742340088, "acc": 0.39211469888687134}, "sub-005": {"loss": 1.4801101684570312, "acc": 0.43520209193229675}, "sub-030": {"loss": 1.3381507396697998, "acc": 0.4710365831851959}, "sub-039": {"loss": 1.555533528327942, "acc": 0.4047846794128418}, "sub-060": {"loss": 1.874600887298584, "acc": 0.27444443106651306}, "sub-042": {"loss": 0.9542189836502075, "acc": 0.6194577217102051}, "sub-063": {"loss": 1.627644658088684, "acc": 0.41010719537734985}, "sub-043": {"loss": 1.3235801458358765, "acc": 0.5040000081062317}, "sub-037": {"loss": 1.3887399435043335, "acc": 0.4755980968475342}, "sub-001": {"loss": 1.3579531908035278, "acc": 0.48014184832572937}, "sub-007": {"loss": 1.5389010906219482, "acc": 0.443498820066452}, "sub-079": {"loss": 1.607487678527832, "acc": 0.3922806978225708}, "sub-047": {"loss": 1.2883241176605225, "acc": 0.5196013450622559}, "sub-051": {"loss": 1.9020885229110718, "acc": 0.31730419397354126}, "sub-006": {"loss": 1.0798500776290894, "acc": 0.5828496217727661}, "sub-015": {"loss": 1.341962218284607, "acc": 0.5144208073616028}, "sub-076": {"loss": 1.6440670490264893, "acc": 0.41497325897216797}, "sub-027": {"loss": 1.015520453453064, "acc": 0.600304901599884}, "sub-074": {"loss": 1.2591551542282104, "acc": 0.539393961429596}, "sub-011": {"loss": 1.7157286405563354, "acc": 0.4018912613391876}, "sub-077": {"loss": 1.802687406539917, "acc": 0.2744336426258087}, "sub-046": {"loss": 1.3249820470809937, "acc": 0.4930908977985382}, "sub-070": {"loss": 1.163245677947998, "acc": 0.5727412104606628}, "sub-085": {"loss": 1.105410099029541, "acc": 0.5803508758544922}, "sub-081": {"loss": 1.8571850061416626, "acc": 0.3234848380088806}, "sub-082": {"loss": 1.5328936576843262, "acc": 0.3764912188053131}, "sub-012": {"loss": 1.670440673828125, "acc": 0.3330969214439392}, "sub-053": {"loss": 1.510589599609375, "acc": 0.4087431728839874}, "sub-014": {"loss": 1.4561126232147217, "acc": 0.44850656390190125}, "sub-084": {"loss": 1.388440728187561, "acc": 0.4656140208244324}, "sub-075": {"loss": 1.202049970626831, "acc": 0.5736185312271118}, "sub-069": {"loss": 1.6824772357940674, "acc": 0.379479318857193}, "sub-026": {"loss": 1.3844250440597534, "acc": 0.4723404347896576}, "sub-019": {"loss": 1.1690698862075806, "acc": 0.5423167943954468}, "sub-050": {"loss": 2.002156972885132, "acc": 0.2810457646846771}, "sub-003": {"loss": 1.269144892692566, "acc": 0.5210402011871338}, "sub-080": {"loss": 1.2347147464752197, "acc": 0.5270175337791443}, "sub-022": {"loss": 1.233197808265686, "acc": 0.5221027731895447}, "sub-059": {"loss": 1.2635858058929443, "acc": 0.5174400210380554}, "sub-028": {"loss": 1.0896363258361816, "acc": 0.5762194991111755}, "sub-013": {"loss": 1.0914602279663086, "acc": 0.5808510780334473}, "sub-009": {"loss": 1.1043721437454224, "acc": 0.5669030547142029}, "sub-034": {"loss": 1.488351821899414, "acc": 0.46984127163887024}, "sub-002": {"loss": 1.2748273611068726, "acc": 0.5048055052757263}, "sub-025": {"loss": 1.3189067840576172, "acc": 0.5027379393577576}, "sub-029": {"loss": 1.4492113590240479, "acc": 0.4469512104988098}, "sub-049": {"loss": 1.661433219909668, "acc": 0.36211293935775757}, "sub-054": {"loss": 1.6496846675872803, "acc": 0.37413477897644043}, "sub-044": {"loss": 0.7843055725097656, "acc": 0.6996363401412964}, "sub-024": {"loss": 1.3987709283828735, "acc": 0.4479905366897583}, "sub-065": {"loss": 1.6413953304290771, "acc": 0.3748851418495178}, "sub-041": {"loss": 1.5645030736923218, "acc": 0.4156299829483032}, "sub-062": {"loss": 1.5213922262191772, "acc": 0.3900800049304962}, "sub-048": {"loss": 1.3099349737167358, "acc": 0.48343557119369507}, "sub-072": {"loss": 0.9907686710357666, "acc": 0.6199643611907959}, "sub-061": {"loss": 1.3941887617111206, "acc": 0.4886400103569031}, "sub-045": {"loss": 1.5750864744186401, "acc": 0.43454545736312866}, "sub-052": {"loss": 1.284788966178894, "acc": 0.4761384427547455}, "sub-036": {"loss": 1.1839807033538818, "acc": 0.5396825671195984}, "sub-020": {"loss": 1.0440394878387451, "acc": 0.5917159914970398}, "sub-016": {"loss": 1.5944846868515015, "acc": 0.4269503653049469}, "sub-017": {"loss": 1.380240559577942, "acc": 0.4409785866737366}}