{"sub-066": {"loss": 1.3576936721801758, "acc": 0.466692179441452}, "sub-038": {"loss": 1.1762416362762451, "acc": 0.5075757503509521}, "sub-055": {"loss": 1.0590801239013672, "acc": 0.5792349576950073}, "sub-078": {"loss": 1.070486068725586, "acc": 0.5926916003227234}, "sub-064": {"loss": 1.3916443586349487, "acc": 0.439127117395401}, "sub-008": {"loss": 0.9375427961349487, "acc": 0.625}, "sub-068": {"loss": 1.343915581703186, "acc": 0.4712863564491272}, "sub-004": {"loss": 1.3615429401397705, "acc": 0.4293154776096344}, "sub-067": {"loss": 1.2655681371688843, "acc": 0.49081164598464966}, "sub-031": {"loss": 0.7439836263656616, "acc": 0.703125}, "sub-083": {"loss": 1.490841031074524, "acc": 0.3881579041481018}, "sub-033": {"loss": 1.3919388055801392, "acc": 0.41630592942237854}, "sub-040": {"loss": 1.3222945928573608, "acc": 0.4744816720485687}, "sub-058": {"loss": 0.9583591818809509, "acc": 0.61080002784729}, "sub-010": {"loss": 1.2882682085037231, "acc": 0.4899527132511139}, "sub-035": {"loss": 1.4453357458114624, "acc": 0.4419191777706146}, "sub-073": {"loss": 1.3221213817596436, "acc": 0.45543670654296875}, "sub-018": {"loss": 1.157841682434082, "acc": 0.5227541327476501}, "sub-023": {"loss": 1.4391745328903198, "acc": 0.4557945132255554}, "sub-032": {"loss": 1.0239838361740112, "acc": 0.5880230665206909}, "sub-057": {"loss": 1.0340735912322998, "acc": 0.5464000105857849}, "sub-056": {"loss": 1.4540990591049194, "acc": 0.4020947217941284}, "sub-071": {"loss": 1.4521770477294922, "acc": 0.397013783454895}, "sub-021": {"loss": 1.4415647983551025, "acc": 0.44056153297424316}, "sub-005": {"loss": 1.2914776802062988, "acc": 0.48109516501426697}, "sub-030": {"loss": 1.1044025421142578, "acc": 0.5548780560493469}, "sub-039": {"loss": 1.3271452188491821, "acc": 0.49082934856414795}, "sub-060": {"loss": 1.5678743124008179, "acc": 0.37361112236976624}, "sub-042": {"loss": 0.8147289752960205, "acc": 0.6662679314613342}, "sub-063": {"loss": 1.3590298891067505, "acc": 0.48928025364875793}, "sub-043": {"loss": 1.1760660409927368, "acc": 0.5236363410949707}, "sub-037": {"loss": 1.226744532585144, "acc": 0.5119616985321045}, "sub-001": {"loss": 1.097051978111267, "acc": 0.557624101638794}, "sub-007": {"loss": 1.2914124727249146, "acc": 0.5011820197105408}, "sub-079": {"loss": 1.3702558279037476, "acc": 0.43771928548812866}, "sub-047": {"loss": 1.092666506767273, "acc": 0.5618770718574524}, "sub-051": {"loss": 1.6047730445861816, "acc": 0.3829690217971802}, "sub-006": {"loss": 0.8765502572059631, "acc": 0.6619393229484558}, "sub-015": {"loss": 1.1541846990585327, "acc": 0.5505319237709045}, "sub-076": {"loss": 1.4187390804290771, "acc": 0.43449199199676514}, "sub-027": {"loss": 0.8743005394935608, "acc": 0.6314786672592163}, "sub-074": {"loss": 0.9834548830986023, "acc": 0.5926916003227234}, "sub-011": {"loss": 1.4978690147399902, "acc": 0.4586288332939148}, "sub-077": {"loss": 1.5735498666763306, "acc": 0.3252427279949188}, "sub-046": {"loss": 1.1464751958847046, "acc": 0.524545431137085}, "sub-070": {"loss": 1.0360771417617798, "acc": 0.5669984817504883}, "sub-085": {"loss": 0.9632860422134399, "acc": 0.613596498966217}, "sub-081": {"loss": 1.5546098947525024, "acc": 0.4109848439693451}, "sub-082": {"loss": 1.3087265491485596, "acc": 0.4776315689086914}, "sub-012": {"loss": 1.4532252550125122, "acc": 0.4163711667060852}, "sub-053": {"loss": 1.260823130607605, "acc": 0.4817850589752197}, "sub-014": {"loss": 1.275349736213684, "acc": 0.48775386810302734}, "sub-084": {"loss": 1.1862159967422485, "acc": 0.5249999761581421}, "sub-075": {"loss": 1.0872101783752441, "acc": 0.5668449401855469}, "sub-069": {"loss": 1.4426839351654053, "acc": 0.42725881934165955}, "sub-026": {"loss": 1.184962272644043, "acc": 0.5277777910232544}, "sub-019": {"loss": 0.9294096231460571, "acc": 0.6241135001182556}, "sub-050": {"loss": 1.7349869012832642, "acc": 0.343137264251709}, "sub-003": {"loss": 1.0879074335098267, "acc": 0.585106372833252}, "sub-080": {"loss": 1.0210151672363281, "acc": 0.5872806906700134}, "sub-022": {"loss": 1.0570366382598877, "acc": 0.560931921005249}, "sub-059": {"loss": 1.0006036758422852, "acc": 0.6011999845504761}, "sub-028": {"loss": 0.9303655028343201, "acc": 0.620807945728302}, "sub-013": {"loss": 0.9042453765869141, "acc": 0.6294326186180115}, "sub-009": {"loss": 0.9323909878730774, "acc": 0.6182032823562622}, "sub-034": {"loss": 1.2965261936187744, "acc": 0.4628427028656006}, "sub-002": {"loss": 1.0850005149841309, "acc": 0.5700801014900208}, "sub-025": {"loss": 1.081155776977539, "acc": 0.5723598599433899}, "sub-029": {"loss": 1.2362982034683228, "acc": 0.5034298896789551}, "sub-049": {"loss": 1.4754999876022339, "acc": 0.42167577147483826}, "sub-054": {"loss": 1.4492340087890625, "acc": 0.4476320445537567}, "sub-044": {"loss": 0.6680291295051575, "acc": 0.7386363744735718}, "sub-024": {"loss": 1.1835088729858398, "acc": 0.5076832175254822}, "sub-065": {"loss": 1.4536243677139282, "acc": 0.40007656812667847}, "sub-041": {"loss": 1.308029055595398, "acc": 0.4812599718570709}, "sub-062": {"loss": 1.2361325025558472, "acc": 0.49160000681877136}, "sub-048": {"loss": 1.096274495124817, "acc": 0.5644171833992004}, "sub-072": {"loss": 0.8595770001411438, "acc": 0.6590909361839294}, "sub-061": {"loss": 1.137984037399292, "acc": 0.5419999957084656}, "sub-045": {"loss": 1.3124324083328247, "acc": 0.4872727394104004}, "sub-052": {"loss": 1.0546637773513794, "acc": 0.5537340641021729}, "sub-036": {"loss": 0.9983815550804138, "acc": 0.5995671153068542}, "sub-020": {"loss": 0.8852067589759827, "acc": 0.6475591659545898}, "sub-016": {"loss": 1.3804600238800049, "acc": 0.47074466943740845}, "sub-017": {"loss": 1.1506372690200806, "acc": 0.4969418942928314}}