{"sub-066": {"loss": 1.312927007675171, "acc": 0.4469483494758606}, "sub-038": {"loss": 1.09920072555542, "acc": 0.5601957440376282}, "sub-055": {"loss": 1.013450264930725, "acc": 0.59476637840271}, "sub-078": {"loss": 0.9123061299324036, "acc": 0.6371584534645081}, "sub-064": {"loss": 1.301179051399231, "acc": 0.4638497531414032}, "sub-008": {"loss": 0.8345785737037659, "acc": 0.6895883679389954}, "sub-068": {"loss": 1.203647494316101, "acc": 0.5255085825920105}, "sub-004": {"loss": 1.3606088161468506, "acc": 0.4457316994667053}, "sub-067": {"loss": 1.2204638719558716, "acc": 0.48826292157173157}, "sub-031": {"loss": 0.6509076356887817, "acc": 0.7658227682113647}, "sub-083": {"loss": 1.5006788969039917, "acc": 0.3724014461040497}, "sub-033": {"loss": 1.2867783308029175, "acc": 0.472378134727478}, "sub-040": {"loss": 1.2617870569229126, "acc": 0.4929853081703186}, "sub-058": {"loss": 0.8846695423126221, "acc": 0.669721782207489}, "sub-010": {"loss": 1.1677757501602173, "acc": 0.5365617275238037}, "sub-035": {"loss": 1.3894169330596924, "acc": 0.4248153567314148}, "sub-073": {"loss": 1.255028247833252, "acc": 0.49071037769317627}, "sub-018": {"loss": 1.1141607761383057, "acc": 0.5636804103851318}, "sub-023": {"loss": 1.4232341051101685, "acc": 0.4296932518482208}, "sub-032": {"loss": 0.8554508686065674, "acc": 0.6812407970428467}, "sub-057": {"loss": 0.9560438990592957, "acc": 0.6124386191368103}, "sub-056": {"loss": 1.429677963256836, "acc": 0.4175700843334198}, "sub-071": {"loss": 1.4102853536605835, "acc": 0.408137708902359}, "sub-021": {"loss": 1.4171316623687744, "acc": 0.4287116527557373}, "sub-005": {"loss": 1.1718379259109497, "acc": 0.5281708836555481}, "sub-030": {"loss": 1.0268096923828125, "acc": 0.6009493470191956}, "sub-039": {"loss": 1.2546842098236084, "acc": 0.5216965675354004}, "sub-060": {"loss": 1.6065106391906738, "acc": 0.3227272629737854}, "sub-042": {"loss": 0.6561442613601685, "acc": 0.7481240034103394}, "sub-063": {"loss": 1.3091458082199097, "acc": 0.48388105630874634}, "sub-043": {"loss": 1.0881966352462769, "acc": 0.5462686419487}, "sub-037": {"loss": 1.069338321685791, "acc": 0.5650897026062012}, "sub-001": {"loss": 1.0762877464294434, "acc": 0.5668280720710754}, "sub-007": {"loss": 1.2292581796646118, "acc": 0.5106537342071533}, "sub-079": {"loss": 1.2888492345809937, "acc": 0.47992831468582153}, "sub-047": {"loss": 1.074278712272644, "acc": 0.5653061270713806}, "sub-051": {"loss": 1.5564303398132324, "acc": 0.36560747027397156}, "sub-006": {"loss": 0.7785802483558655, "acc": 0.6913513541221619}, "sub-015": {"loss": 1.0545932054519653, "acc": 0.5789346098899841}, "sub-076": {"loss": 1.3343442678451538, "acc": 0.4615664780139923}, "sub-027": {"loss": 0.7056806087493896, "acc": 0.7490506172180176}, "sub-074": {"loss": 0.9253305196762085, "acc": 0.6597449779510498}, "sub-011": {"loss": 1.378697156906128, "acc": 0.45181599259376526}, "sub-077": {"loss": 1.5939152240753174, "acc": 0.3102310299873352}, "sub-046": {"loss": 1.056746244430542, "acc": 0.5832089781761169}, "sub-070": {"loss": 0.9253117442131042, "acc": 0.6359937191009521}, "sub-085": {"loss": 0.8060046434402466, "acc": 0.7028673887252808}, "sub-081": {"loss": 1.510050892829895, "acc": 0.3387596905231476}, "sub-082": {"loss": 1.2221205234527588, "acc": 0.5043010711669922}, "sub-012": {"loss": 1.432041883468628, "acc": 0.40629538893699646}, "sub-053": {"loss": 1.2395025491714478, "acc": 0.46953269839286804}, "sub-014": {"loss": 1.187758207321167, "acc": 0.5401226878166199}, "sub-084": {"loss": 1.0806066989898682, "acc": 0.5770609378814697}, "sub-075": {"loss": 0.9590390920639038, "acc": 0.66557377576828}, "sub-069": {"loss": 1.3587528467178345, "acc": 0.4381846487522125}, "sub-026": {"loss": 1.0595409870147705, "acc": 0.6050847172737122}, "sub-019": {"loss": 0.8551138639450073, "acc": 0.673365592956543}, "sub-050": {"loss": 1.722809910774231, "acc": 0.33020132780075073}, "sub-003": {"loss": 0.9230184555053711, "acc": 0.665375292301178}, "sub-080": {"loss": 0.8418849110603333, "acc": 0.6784946322441101}, "sub-022": {"loss": 0.9696976542472839, "acc": 0.6301840543746948}, "sub-059": {"loss": 0.9225534200668335, "acc": 0.6621931195259094}, "sub-028": {"loss": 0.8247986435890198, "acc": 0.6829113960266113}, "sub-013": {"loss": 0.7959272265434265, "acc": 0.6958837509155273}, "sub-009": {"loss": 0.8233033418655396, "acc": 0.6857143044471741}, "sub-034": {"loss": 1.183699607849121, "acc": 0.5355982184410095}, "sub-002": {"loss": 0.9490154385566711, "acc": 0.6218309998512268}, "sub-025": {"loss": 0.9491960406303406, "acc": 0.616555392742157}, "sub-029": {"loss": 1.1676419973373413, "acc": 0.5284810066223145}, "sub-049": {"loss": 1.4146130084991455, "acc": 0.44037383794784546}, "sub-054": {"loss": 1.3907256126403809, "acc": 0.4568224251270294}, "sub-044": {"loss": 0.48185715079307556, "acc": 0.816417932510376}, "sub-024": {"loss": 1.127557635307312, "acc": 0.5288135409355164}, "sub-065": {"loss": 1.3702467679977417, "acc": 0.4397495985031128}, "sub-041": {"loss": 1.250807523727417, "acc": 0.5040783286094666}, "sub-062": {"loss": 1.1920132637023926, "acc": 0.4916530251502991}, "sub-048": {"loss": 0.9358721971511841, "acc": 0.6343815326690674}, "sub-072": {"loss": 0.6873722076416016, "acc": 0.7679417133331299}, "sub-061": {"loss": 1.0957993268966675, "acc": 0.5548281669616699}, "sub-045": {"loss": 1.1944007873535156, "acc": 0.5220149159431458}, "sub-052": {"loss": 0.9735305309295654, "acc": 0.5985046625137329}, "sub-036": {"loss": 0.9087320566177368, "acc": 0.6398818492889404}, "sub-020": {"loss": 0.7373841404914856, "acc": 0.7266666889190674}, "sub-016": {"loss": 1.2826793193817139, "acc": 0.4990314841270447}, "sub-017": {"loss": 1.0698200464248657, "acc": 0.5686520338058472}}