{"sub-066": {"loss": 1.0747863054275513, "acc": 0.5533435344696045}, "sub-038": {"loss": 0.8736387491226196, "acc": 0.612971842288971}, "sub-055": {"loss": 0.7990537881851196, "acc": 0.6454159021377563}, "sub-078": {"loss": 0.8222114443778992, "acc": 0.639334499835968}, "sub-064": {"loss": 1.0424689054489136, "acc": 0.5329249501228333}, "sub-008": {"loss": 0.7381159067153931, "acc": 0.695035457611084}, "sub-068": {"loss": 1.0320714712142944, "acc": 0.5763144493103027}, "sub-004": {"loss": 1.0945063829421997, "acc": 0.5347222089767456}, "sub-067": {"loss": 0.9713096618652344, "acc": 0.5880551338195801}, "sub-031": {"loss": 0.5888949036598206, "acc": 0.7479674816131592}, "sub-083": {"loss": 1.1365095376968384, "acc": 0.4853801131248474}, "sub-033": {"loss": 1.0673335790634155, "acc": 0.5569985508918762}, "sub-040": {"loss": 1.0744283199310303, "acc": 0.5332270264625549}, "sub-058": {"loss": 0.7458503246307373, "acc": 0.683733344078064}, "sub-010": {"loss": 0.9919063448905945, "acc": 0.5843183398246765}, "sub-035": {"loss": 1.1502329111099243, "acc": 0.521404504776001}, "sub-073": {"loss": 1.0306581258773804, "acc": 0.5870469212532043}, "sub-018": {"loss": 0.9385132193565369, "acc": 0.6095350384712219}, "sub-023": {"loss": 1.150517463684082, "acc": 0.5057746171951294}, "sub-032": {"loss": 0.6947989463806152, "acc": 0.6863876581192017}, "sub-057": {"loss": 0.7572665810585022, "acc": 0.6624000072479248}, "sub-056": {"loss": 1.1307201385498047, "acc": 0.5106253623962402}, "sub-071": {"loss": 1.1645203828811646, "acc": 0.4389995038509369}, "sub-021": {"loss": 1.156421422958374, "acc": 0.5232974886894226}, "sub-005": {"loss": 0.9098100662231445, "acc": 0.6123424768447876}, "sub-030": {"loss": 0.9250516295433044, "acc": 0.6244918704032898}, "sub-039": {"loss": 1.0073742866516113, "acc": 0.5736310482025146}, "sub-060": {"loss": 1.2693285942077637, "acc": 0.43703705072402954}, "sub-042": {"loss": 0.6386110186576843, "acc": 0.7198298573493958}, "sub-063": {"loss": 1.1127161979675293, "acc": 0.5395609736442566}, "sub-043": {"loss": 0.8871527314186096, "acc": 0.624848484992981}, "sub-037": {"loss": 0.9109395146369934, "acc": 0.6326422095298767}, "sub-001": {"loss": 0.8793336153030396, "acc": 0.6288415789604187}, "sub-007": {"loss": 1.0423957109451294, "acc": 0.5618597269058228}, "sub-079": {"loss": 1.1184141635894775, "acc": 0.5304093360900879}, "sub-047": {"loss": 0.8860795497894287, "acc": 0.6328903436660767}, "sub-051": {"loss": 1.3295748233795166, "acc": 0.44262295961380005}, "sub-006": {"loss": 0.7060314416885376, "acc": 0.7071239948272705}, "sub-015": {"loss": 0.8951897025108337, "acc": 0.621355414390564}, "sub-076": {"loss": 1.1588752269744873, "acc": 0.5323826670646667}, "sub-027": {"loss": 0.6832640171051025, "acc": 0.6981707215309143}, "sub-074": {"loss": 0.850041389465332, "acc": 0.6417112350463867}, "sub-011": {"loss": 1.2242289781570435, "acc": 0.5153664350509644}, "sub-077": {"loss": 1.2777528762817383, "acc": 0.4034520089626312}, "sub-046": {"loss": 0.8651171922683716, "acc": 0.6345454454421997}, "sub-070": {"loss": 0.7821989059448242, "acc": 0.664624810218811}, "sub-085": {"loss": 0.7246082425117493, "acc": 0.6982455849647522}, "sub-081": {"loss": 1.2231082916259766, "acc": 0.4570707082748413}, "sub-082": {"loss": 1.0425690412521362, "acc": 0.5444444417953491}, "sub-012": {"loss": 1.1722332239151, "acc": 0.48266351222991943}, "sub-053": {"loss": 0.9700030088424683, "acc": 0.5846994519233704}, "sub-014": {"loss": 1.018381118774414, "acc": 0.5706889629364014}, "sub-084": {"loss": 0.9386593103408813, "acc": 0.5953216552734375}, "sub-075": {"loss": 0.8291693925857544, "acc": 0.651218056678772}, "sub-069": {"loss": 1.1762421131134033, "acc": 0.4997447729110718}, "sub-026": {"loss": 0.9089276790618896, "acc": 0.6284475922584534}, "sub-019": {"loss": 0.7177420854568481, "acc": 0.6985815763473511}, "sub-050": {"loss": 1.4450993537902832, "acc": 0.44335511326789856}, "sub-003": {"loss": 0.8735747933387756, "acc": 0.642632007598877}, "sub-080": {"loss": 0.8105005621910095, "acc": 0.6695906519889832}, "sub-022": {"loss": 0.8022481203079224, "acc": 0.6587017178535461}, "sub-059": {"loss": 0.7970225214958191, "acc": 0.6575999855995178}, "sub-028": {"loss": 0.7219254970550537, "acc": 0.6930894255638123}, "sub-013": {"loss": 0.6888270378112793, "acc": 0.71315997838974}, "sub-009": {"loss": 0.7390080690383911, "acc": 0.6903073191642761}, "sub-034": {"loss": 1.0075443983078003, "acc": 0.5776816010475159}, "sub-002": {"loss": 0.8098945021629333, "acc": 0.654080867767334}, "sub-025": {"loss": 0.8458027839660645, "acc": 0.6501520872116089}, "sub-029": {"loss": 0.9372828006744385, "acc": 0.6021341681480408}, "sub-049": {"loss": 1.1027194261550903, "acc": 0.5185185074806213}, "sub-054": {"loss": 1.1443824768066406, "acc": 0.503339409828186}, "sub-044": {"loss": 0.4468874931335449, "acc": 0.8121212124824524}, "sub-024": {"loss": 0.9438487887382507, "acc": 0.5957446694374084}, "sub-065": {"loss": 1.1337183713912964, "acc": 0.4987238347530365}, "sub-041": {"loss": 1.0112780332565308, "acc": 0.559808611869812}, "sub-062": {"loss": 0.9963773488998413, "acc": 0.5802666544914246}, "sub-048": {"loss": 0.8526991605758667, "acc": 0.6346284747123718}, "sub-072": {"loss": 0.662324070930481, "acc": 0.7082590460777283}, "sub-061": {"loss": 0.8852997422218323, "acc": 0.6416000127792358}, "sub-045": {"loss": 0.9809365272521973, "acc": 0.6206060647964478}, "sub-052": {"loss": 0.8682034015655518, "acc": 0.6132361888885498}, "sub-036": {"loss": 0.7573615908622742, "acc": 0.701298713684082}, "sub-020": {"loss": 0.7248719930648804, "acc": 0.6997041702270508}, "sub-016": {"loss": 1.0736385583877563, "acc": 0.5594956874847412}, "sub-017": {"loss": 0.8961867690086365, "acc": 0.6177369952201843}}