{"sub-066": {"loss": 2.2385947704315186, "acc": 0.2725880444049835}, "sub-038": {"loss": 1.841947317123413, "acc": 0.3579656183719635}, "sub-055": {"loss": 1.7503166198730469, "acc": 0.395061731338501}, "sub-078": {"loss": 1.7730438709259033, "acc": 0.4064171016216278}, "sub-064": {"loss": 2.2099623680114746, "acc": 0.2559128701686859}, "sub-008": {"loss": 1.6904336214065552, "acc": 0.40333595871925354}, "sub-068": {"loss": 2.1961872577667236, "acc": 0.30168452858924866}, "sub-004": {"loss": 2.2140841484069824, "acc": 0.23875661194324493}, "sub-067": {"loss": 2.088793992996216, "acc": 0.29947251081466675}, "sub-031": {"loss": 1.3680570125579834, "acc": 0.5037263035774231}, "sub-083": {"loss": 2.310467481613159, "acc": 0.2097465842962265}, "sub-033": {"loss": 2.2398650646209717, "acc": 0.2462722510099411}, "sub-040": {"loss": 2.120496988296509, "acc": 0.29700514674186707}, "sub-058": {"loss": 1.6989246606826782, "acc": 0.41191110014915466}, "sub-010": {"loss": 2.0627517700195312, "acc": 0.30785396695137024}, "sub-035": {"loss": 2.2375435829162598, "acc": 0.26567259430885315}, "sub-073": {"loss": 2.1453654766082764, "acc": 0.26975637674331665}, "sub-018": {"loss": 1.9957211017608643, "acc": 0.32807984948158264}, "sub-023": {"loss": 2.332475423812866, "acc": 0.26231250166893005}, "sub-032": {"loss": 1.682780385017395, "acc": 0.4120570719242096}, "sub-057": {"loss": 1.7461248636245728, "acc": 0.3715555667877197}, "sub-056": {"loss": 2.290527582168579, "acc": 0.24974700808525085}, "sub-071": {"loss": 2.356283187866211, "acc": 0.21762804687023163}, "sub-021": {"loss": 2.3008408546447754, "acc": 0.25925925374031067}, "sub-005": {"loss": 2.083489418029785, "acc": 0.2995798885822296}, "sub-030": {"loss": 1.9138014316558838, "acc": 0.34383469820022583}, "sub-039": {"loss": 2.2130494117736816, "acc": 0.2830055058002472}, "sub-060": {"loss": 2.497030735015869, "acc": 0.16604937613010406}, "sub-042": {"loss": 1.451640248298645, "acc": 0.49601274728775024}, "sub-063": {"loss": 2.2583062648773193, "acc": 0.28432872891426086}, "sub-043": {"loss": 1.8504266738891602, "acc": 0.37555554509162903}, "sub-037": {"loss": 1.9404008388519287, "acc": 0.3506999909877777}, "sub-001": {"loss": 1.9648432731628418, "acc": 0.33057525753974915}, "sub-007": {"loss": 2.1910088062286377, "acc": 0.29774099588394165}, "sub-079": {"loss": 2.2527740001678467, "acc": 0.2615984380245209}, "sub-047": {"loss": 1.8424686193466187, "acc": 0.381506085395813}, "sub-051": {"loss": 2.5254220962524414, "acc": 0.21311475336551666}, "sub-006": {"loss": 1.5481488704681396, "acc": 0.446643203496933}, "sub-015": {"loss": 1.9172707796096802, "acc": 0.3561859726905823}, "sub-076": {"loss": 2.2469263076782227, "acc": 0.30263417959213257}, "sub-027": {"loss": 1.5221894979476929, "acc": 0.44308942556381226}, "sub-074": {"loss": 1.8087575435638428, "acc": 0.39770251512527466}, "sub-011": {"loss": 2.3652989864349365, "acc": 0.2554504871368408}, "sub-077": {"loss": 2.4344444274902344, "acc": 0.1621718853712082}, "sub-046": {"loss": 1.9177765846252441, "acc": 0.3458585739135742}, "sub-070": {"loss": 1.7297264337539673, "acc": 0.41126424074172974}, "sub-085": {"loss": 1.6121221780776978, "acc": 0.4649122953414917}, "sub-081": {"loss": 2.4634623527526855, "acc": 0.19696970283985138}, "sub-082": {"loss": 2.1117093563079834, "acc": 0.28401559591293335}, "sub-012": {"loss": 2.290301561355591, "acc": 0.2211715281009674}, "sub-053": {"loss": 2.1459708213806152, "acc": 0.2894150912761688}, "sub-014": {"loss": 2.0288944244384766, "acc": 0.32523563504219055}, "sub-084": {"loss": 1.9431211948394775, "acc": 0.3709551692008972}, "sub-075": {"loss": 1.7937026023864746, "acc": 0.4107744097709656}, "sub-069": {"loss": 2.298985719680786, "acc": 0.24842606484889984}, "sub-026": {"loss": 1.9372705221176147, "acc": 0.3333333432674408}, "sub-019": {"loss": 1.703548789024353, "acc": 0.4342001676559448}, "sub-050": {"loss": 2.744962692260742, "acc": 0.155047208070755}, "sub-003": {"loss": 1.819728136062622, "acc": 0.38613080978393555}, "sub-080": {"loss": 1.6666103601455688, "acc": 0.4282650947570801}, "sub-022": {"loss": 1.7463955879211426, "acc": 0.39838045835494995}, "sub-059": {"loss": 1.7796013355255127, "acc": 0.36906665563583374}, "sub-028": {"loss": 1.6232445240020752, "acc": 0.42547425627708435}, "sub-013": {"loss": 1.6163827180862427, "acc": 0.44615182280540466}, "sub-009": {"loss": 1.62068510055542, "acc": 0.43354347348213196}, "sub-034": {"loss": 2.0520541667938232, "acc": 0.32724064588546753}, "sub-002": {"loss": 1.7939504384994507, "acc": 0.4037630259990692}, "sub-025": {"loss": 1.8252514600753784, "acc": 0.3708532452583313}, "sub-029": {"loss": 1.9978513717651367, "acc": 0.3472222089767456}, "sub-049": {"loss": 2.3377020359039307, "acc": 0.25399717688560486}, "sub-054": {"loss": 2.2491800785064697, "acc": 0.2531876266002655}, "sub-044": {"loss": 1.1441004276275635, "acc": 0.6040403842926025}, "sub-024": {"loss": 1.9643412828445435, "acc": 0.3257157802581787}, "sub-065": {"loss": 2.3045761585235596, "acc": 0.23617492616176605}, "sub-041": {"loss": 2.1967546939849854, "acc": 0.3095870912075043}, "sub-062": {"loss": 2.103149652481079, "acc": 0.30097776651382446}, "sub-048": {"loss": 1.8373302221298218, "acc": 0.35605543851852417}, "sub-072": {"loss": 1.4077186584472656, "acc": 0.5119825601577759}, "sub-061": {"loss": 1.9847060441970825, "acc": 0.3276444375514984}, "sub-045": {"loss": 2.1421661376953125, "acc": 0.28505051136016846}, "sub-052": {"loss": 1.837350845336914, "acc": 0.34831005334854126}, "sub-036": {"loss": 1.6989853382110596, "acc": 0.4215167462825775}, "sub-020": {"loss": 1.5109758377075195, "acc": 0.4557856619358063}, "sub-016": {"loss": 2.202639102935791, "acc": 0.26582610607147217}, "sub-017": {"loss": 1.9457430839538574, "acc": 0.32042133808135986}}