{"sub-066": {"loss": 1.0837140083312988, "acc": 0.5363849997520447}, "sub-038": {"loss": 0.9046506285667419, "acc": 0.6382544636726379}, "sub-055": {"loss": 0.8364154100418091, "acc": 0.6490654349327087}, "sub-078": {"loss": 0.7845436930656433, "acc": 0.6703096628189087}, "sub-064": {"loss": 1.0981981754302979, "acc": 0.5172144174575806}, "sub-008": {"loss": 0.688325822353363, "acc": 0.7424334287643433}, "sub-068": {"loss": 1.0449405908584595, "acc": 0.5469483733177185}, "sub-004": {"loss": 1.1752538681030273, "acc": 0.4878048896789551}, "sub-067": {"loss": 1.0116004943847656, "acc": 0.5520344376564026}, "sub-031": {"loss": 0.5393099784851074, "acc": 0.7911392450332642}, "sub-083": {"loss": 1.248229742050171, "acc": 0.41980287432670593}, "sub-033": {"loss": 1.0803327560424805, "acc": 0.5443131327629089}, "sub-040": {"loss": 1.038495659828186, "acc": 0.5709624886512756}, "sub-058": {"loss": 0.6980928182601929, "acc": 0.7254500985145569}, "sub-010": {"loss": 0.9457246661186218, "acc": 0.5892857313156128}, "sub-035": {"loss": 1.1729235649108887, "acc": 0.49926143884658813}, "sub-073": {"loss": 1.0619101524353027, "acc": 0.563752293586731}, "sub-018": {"loss": 0.8931378722190857, "acc": 0.643159806728363}, "sub-023": {"loss": 1.1994327306747437, "acc": 0.48036810755729675}, "sub-032": {"loss": 0.7377932071685791, "acc": 0.7064254283905029}, "sub-057": {"loss": 0.793263852596283, "acc": 0.6792144179344177}, "sub-056": {"loss": 1.182669758796692, "acc": 0.5200934410095215}, "sub-071": {"loss": 1.164267659187317, "acc": 0.4792644679546356}, "sub-021": {"loss": 1.1825509071350098, "acc": 0.5101227164268494}, "sub-005": {"loss": 1.0146870613098145, "acc": 0.5600801110267639}, "sub-030": {"loss": 0.8341358304023743, "acc": 0.657436728477478}, "sub-039": {"loss": 1.076902151107788, "acc": 0.5411908626556396}, "sub-060": {"loss": 1.3904434442520142, "acc": 0.38873106241226196}, "sub-042": {"loss": 0.5259477496147156, "acc": 0.814437210559845}, "sub-063": {"loss": 1.0672292709350586, "acc": 0.5782472491264343}, "sub-043": {"loss": 0.8697068095207214, "acc": 0.6506530046463013}, "sub-037": {"loss": 0.8663821816444397, "acc": 0.6325448751449585}, "sub-001": {"loss": 0.87801194190979, "acc": 0.6189467310905457}, "sub-007": {"loss": 1.0199068784713745, "acc": 0.5696125626564026}, "sub-079": {"loss": 1.1352335214614868, "acc": 0.5008960366249084}, "sub-047": {"loss": 0.8427204489707947, "acc": 0.6509353518486023}, "sub-051": {"loss": 1.3752961158752441, "acc": 0.42710280418395996}, "sub-006": {"loss": 0.6265509724617004, "acc": 0.762837827205658}, "sub-015": {"loss": 0.8783816695213318, "acc": 0.6452784538269043}, "sub-076": {"loss": 1.095944881439209, "acc": 0.5482695698738098}, "sub-027": {"loss": 0.5885483622550964, "acc": 0.7741297483444214}, "sub-074": {"loss": 0.7831494808197021, "acc": 0.6739526391029358}, "sub-011": {"loss": 1.2320222854614258, "acc": 0.48970943689346313}, "sub-077": {"loss": 1.366370439529419, "acc": 0.37871286273002625}, "sub-046": {"loss": 0.8934550285339355, "acc": 0.6166045069694519}, "sub-070": {"loss": 0.7384553551673889, "acc": 0.7042253613471985}, "sub-085": {"loss": 0.6377717852592468, "acc": 0.7616487741470337}, "sub-081": {"loss": 1.3126347064971924, "acc": 0.3982558250427246}, "sub-082": {"loss": 1.0480843782424927, "acc": 0.5501791834831238}, "sub-012": {"loss": 1.2280162572860718, "acc": 0.44854721426963806}, "sub-053": {"loss": 0.9892774224281311, "acc": 0.5528037548065186}, "sub-014": {"loss": 0.9895601272583008, "acc": 0.5828220844268799}, "sub-084": {"loss": 0.9220334887504578, "acc": 0.6088709831237793}, "sub-075": {"loss": 0.7899332642555237, "acc": 0.7081056237220764}, "sub-069": {"loss": 1.1335898637771606, "acc": 0.48865413665771484}, "sub-026": {"loss": 0.8849805593490601, "acc": 0.643159806728363}, "sub-019": {"loss": 0.7111894488334656, "acc": 0.7233656048774719}, "sub-050": {"loss": 1.5219522714614868, "acc": 0.3682885766029358}, "sub-003": {"loss": 0.7835446000099182, "acc": 0.6937046051025391}, "sub-080": {"loss": 0.7045904994010925, "acc": 0.6993727684020996}, "sub-022": {"loss": 0.8202263116836548, "acc": 0.6865030527114868}, "sub-059": {"loss": 0.7460206747055054, "acc": 0.6955810189247131}, "sub-028": {"loss": 0.7056909203529358, "acc": 0.7136076092720032}, "sub-013": {"loss": 0.675510823726654, "acc": 0.7366828322410583}, "sub-009": {"loss": 0.6811848282814026, "acc": 0.7294188737869263}, "sub-034": {"loss": 0.9928392171859741, "acc": 0.6022894978523254}, "sub-002": {"loss": 0.7627012133598328, "acc": 0.7068662047386169}, "sub-025": {"loss": 0.8036059141159058, "acc": 0.6859145760536194}, "sub-029": {"loss": 0.95196533203125, "acc": 0.5878164768218994}, "sub-049": {"loss": 1.1957981586456299, "acc": 0.47383177280426025}, "sub-054": {"loss": 1.1768386363983154, "acc": 0.5401869416236877}, "sub-044": {"loss": 0.39823487401008606, "acc": 0.8549440503120422}, "sub-024": {"loss": 0.9290851354598999, "acc": 0.6083534955978394}, "sub-065": {"loss": 1.1864405870437622, "acc": 0.4843505620956421}, "sub-041": {"loss": 1.017259955406189, "acc": 0.5762642621994019}, "sub-062": {"loss": 0.9992228150367737, "acc": 0.5617839694023132}, "sub-048": {"loss": 0.8444544076919556, "acc": 0.649895191192627}, "sub-072": {"loss": 0.5656029582023621, "acc": 0.7923497557640076}, "sub-061": {"loss": 0.9143175482749939, "acc": 0.6378887295722961}, "sub-045": {"loss": 1.0422990322113037, "acc": 0.5583022236824036}, "sub-052": {"loss": 0.8314558863639832, "acc": 0.641121506690979}, "sub-036": {"loss": 0.7591437101364136, "acc": 0.7038404941558838}, "sub-020": {"loss": 0.6046500205993652, "acc": 0.7492424249649048}, "sub-016": {"loss": 1.091469407081604, "acc": 0.5460048317909241}, "sub-017": {"loss": 0.902026355266571, "acc": 0.630094051361084}}