{"sub-066": {"loss": 0.8571584224700928, "acc": 0.5978090763092041}, "sub-038": {"loss": 0.7199075818061829, "acc": 0.6878738403320312}, "sub-055": {"loss": 0.6163040995597839, "acc": 0.7239875197410583}, "sub-078": {"loss": 0.5967310667037964, "acc": 0.7298117876052856}, "sub-064": {"loss": 0.8566635847091675, "acc": 0.6191966533660889}, "sub-008": {"loss": 0.5143799781799316, "acc": 0.7808716893196106}, "sub-068": {"loss": 0.7934441566467285, "acc": 0.6583203077316284}, "sub-004": {"loss": 0.8667523264884949, "acc": 0.5792682766914368}, "sub-067": {"loss": 0.7822085022926331, "acc": 0.6598852276802063}, "sub-031": {"loss": 0.4131888449192047, "acc": 0.8338607549667358}, "sub-083": {"loss": 0.9622756242752075, "acc": 0.5358422994613647}, "sub-033": {"loss": 0.8202170133590698, "acc": 0.6312161684036255}, "sub-040": {"loss": 0.8467392325401306, "acc": 0.6139206290245056}, "sub-058": {"loss": 0.5620093941688538, "acc": 0.7517730593681335}, "sub-010": {"loss": 0.7482022047042847, "acc": 0.6589992046356201}, "sub-035": {"loss": 0.9179031252861023, "acc": 0.5805022120475769}, "sub-073": {"loss": 0.8343790173530579, "acc": 0.6405586004257202}, "sub-018": {"loss": 0.7095588445663452, "acc": 0.7046005129814148}, "sub-023": {"loss": 0.9236608743667603, "acc": 0.5910020470619202}, "sub-032": {"loss": 0.5240398645401001, "acc": 0.808468759059906}, "sub-057": {"loss": 0.6109362840652466, "acc": 0.7381342053413391}, "sub-056": {"loss": 0.9280620813369751, "acc": 0.5644859671592712}, "sub-071": {"loss": 0.9545413255691528, "acc": 0.5560771822929382}, "sub-021": {"loss": 0.946170449256897, "acc": 0.6008179783821106}, "sub-005": {"loss": 0.7191901206970215, "acc": 0.694258987903595}, "sub-030": {"loss": 0.6663646101951599, "acc": 0.7051687836647034}, "sub-039": {"loss": 0.8104662299156189, "acc": 0.6411092877388}, "sub-060": {"loss": 1.0859026908874512, "acc": 0.47853535413742065}, "sub-042": {"loss": 0.38691267371177673, "acc": 0.8624252080917358}, "sub-063": {"loss": 0.8992049694061279, "acc": 0.6197183132171631}, "sub-043": {"loss": 0.6625798344612122, "acc": 0.6990049481391907}, "sub-037": {"loss": 0.6680095195770264, "acc": 0.6971179842948914}, "sub-001": {"loss": 0.6532137393951416, "acc": 0.6973365545272827}, "sub-007": {"loss": 0.7977097034454346, "acc": 0.6408393979072571}, "sub-079": {"loss": 0.8488968014717102, "acc": 0.6087216138839722}, "sub-047": {"loss": 0.6674649715423584, "acc": 0.7352607846260071}, "sub-051": {"loss": 1.0625970363616943, "acc": 0.5445482730865479}, "sub-006": {"loss": 0.4867161512374878, "acc": 0.8013513684272766}, "sub-015": {"loss": 0.6619086861610413, "acc": 0.7239709496498108}, "sub-076": {"loss": 0.8668305277824402, "acc": 0.621736466884613}, "sub-027": {"loss": 0.42400985956192017, "acc": 0.8465189933776855}, "sub-074": {"loss": 0.5717223882675171, "acc": 0.751669704914093}, "sub-011": {"loss": 0.9542369246482849, "acc": 0.5895884037017822}, "sub-077": {"loss": 1.0989869832992554, "acc": 0.42904290556907654}, "sub-046": {"loss": 0.6581887602806091, "acc": 0.71517413854599}, "sub-070": {"loss": 0.5729347467422485, "acc": 0.7584767937660217}, "sub-085": {"loss": 0.5065696835517883, "acc": 0.7962962985038757}, "sub-081": {"loss": 0.9886699318885803, "acc": 0.5064599514007568}, "sub-082": {"loss": 0.8395570516586304, "acc": 0.6236559152603149}, "sub-012": {"loss": 0.9593458771705627, "acc": 0.5322840809822083}, "sub-053": {"loss": 0.7572846412658691, "acc": 0.6348909735679626}, "sub-014": {"loss": 0.7825002670288086, "acc": 0.6605316996574402}, "sub-084": {"loss": 0.6584548354148865, "acc": 0.7383512258529663}, "sub-075": {"loss": 0.5956264734268188, "acc": 0.7662416696548462}, "sub-069": {"loss": 0.9063186645507812, "acc": 0.5889410376548767}, "sub-026": {"loss": 0.6915461421012878, "acc": 0.7066182494163513}, "sub-019": {"loss": 0.537543535232544, "acc": 0.7841000556945801}, "sub-050": {"loss": 1.214268684387207, "acc": 0.4340044856071472}, "sub-003": {"loss": 0.5759831070899963, "acc": 0.7655367255210876}, "sub-080": {"loss": 0.5444732904434204, "acc": 0.780764639377594}, "sub-022": {"loss": 0.6032467484474182, "acc": 0.7312883138656616}, "sub-059": {"loss": 0.5928624272346497, "acc": 0.756137490272522}, "sub-028": {"loss": 0.4896796643733978, "acc": 0.7953586578369141}, "sub-013": {"loss": 0.49795612692832947, "acc": 0.8010492324829102}, "sub-009": {"loss": 0.4958229959011078, "acc": 0.8006457090377808}, "sub-034": {"loss": 0.7591294050216675, "acc": 0.6514032483100891}, "sub-002": {"loss": 0.6216967701911926, "acc": 0.7273082733154297}, "sub-025": {"loss": 0.5807031393051147, "acc": 0.7583444714546204}, "sub-029": {"loss": 0.7379279732704163, "acc": 0.6624472737312317}, "sub-049": {"loss": 0.9186760783195496, "acc": 0.5713395476341248}, "sub-054": {"loss": 0.93110191822052, "acc": 0.5943925380706787}, "sub-044": {"loss": 0.26507920026779175, "acc": 0.9054726362228394}, "sub-024": {"loss": 0.7119085788726807, "acc": 0.6747376918792725}, "sub-065": {"loss": 0.9229951500892639, "acc": 0.5889410376548767}, "sub-041": {"loss": 0.8016936779022217, "acc": 0.6443719267845154}, "sub-062": {"loss": 0.7951899766921997, "acc": 0.6546644568443298}, "sub-048": {"loss": 0.5999109745025635, "acc": 0.7358490824699402}, "sub-072": {"loss": 0.432705819606781, "acc": 0.8348512649536133}, "sub-061": {"loss": 0.6752946376800537, "acc": 0.7146753668785095}, "sub-045": {"loss": 0.7904054522514343, "acc": 0.6405472755432129}, "sub-052": {"loss": 0.6299050450325012, "acc": 0.7295950055122375}, "sub-036": {"loss": 0.5707975029945374, "acc": 0.7754800319671631}, "sub-020": {"loss": 0.4545443058013916, "acc": 0.8247475028038025}, "sub-016": {"loss": 0.863444983959198, "acc": 0.6291363835334778}, "sub-017": {"loss": 0.6574447751045227, "acc": 0.7345872521400452}}