{"sub-066": {"loss": 1.8445416688919067, "acc": 0.35211268067359924}, "sub-038": {"loss": 1.5707435607910156, "acc": 0.4478883445262909}, "sub-055": {"loss": 1.4355641603469849, "acc": 0.4681204557418823}, "sub-078": {"loss": 1.3583732843399048, "acc": 0.5523173213005066}, "sub-064": {"loss": 1.85295832157135, "acc": 0.3195965886116028}, "sub-008": {"loss": 1.2737033367156982, "acc": 0.5391444563865662}, "sub-068": {"loss": 1.7391892671585083, "acc": 0.3684576451778412}, "sub-004": {"loss": 1.9075181484222412, "acc": 0.31436315178871155}, "sub-067": {"loss": 1.7246190309524536, "acc": 0.36567553877830505}, "sub-031": {"loss": 1.0124304294586182, "acc": 0.6524261832237244}, "sub-083": {"loss": 2.0220754146575928, "acc": 0.2702110707759857}, "sub-033": {"loss": 1.8454557657241821, "acc": 0.33710816502571106}, "sub-040": {"loss": 1.7892169952392578, "acc": 0.35363420844078064}, "sub-058": {"loss": 1.3166189193725586, "acc": 0.5450081825256348}, "sub-010": {"loss": 1.627920389175415, "acc": 0.41081517934799194}, "sub-035": {"loss": 1.9498525857925415, "acc": 0.2934514880180359}, "sub-073": {"loss": 1.7734689712524414, "acc": 0.376442015171051}, "sub-018": {"loss": 1.5912137031555176, "acc": 0.45251548290252686}, "sub-023": {"loss": 1.9531439542770386, "acc": 0.3055214583873749}, "sub-032": {"loss": 1.2803914546966553, "acc": 0.5604792237281799}, "sub-057": {"loss": 1.3892455101013184, "acc": 0.5068194270133972}, "sub-056": {"loss": 1.9406087398529053, "acc": 0.32917964458465576}, "sub-071": {"loss": 1.9822038412094116, "acc": 0.2882976830005646}, "sub-021": {"loss": 1.9454057216644287, "acc": 0.3162917494773865}, "sub-005": {"loss": 1.6544159650802612, "acc": 0.40854471921920776}, "sub-030": {"loss": 1.5042779445648193, "acc": 0.46184951066970825}, "sub-039": {"loss": 1.8130913972854614, "acc": 0.3534529507160187}, "sub-060": {"loss": 2.2357754707336426, "acc": 0.19654881954193115}, "sub-042": {"loss": 1.0079913139343262, "acc": 0.6639478206634521}, "sub-063": {"loss": 1.8796768188476562, "acc": 0.3533298671245575}, "sub-043": {"loss": 1.5480308532714844, "acc": 0.4373963475227356}, "sub-037": {"loss": 1.5142710208892822, "acc": 0.45006343722343445}, "sub-001": {"loss": 1.5345929861068726, "acc": 0.4340866208076477}, "sub-007": {"loss": 1.7444689273834229, "acc": 0.3923863470554352}, "sub-079": {"loss": 1.9006984233856201, "acc": 0.30904021859169006}, "sub-047": {"loss": 1.4763342142105103, "acc": 0.4605064392089844}, "sub-051": {"loss": 2.1694788932800293, "acc": 0.23966769874095917}, "sub-006": {"loss": 1.1587498188018799, "acc": 0.6139639616012573}, "sub-015": {"loss": 1.4999656677246094, "acc": 0.4658326506614685}, "sub-076": {"loss": 1.8550963401794434, "acc": 0.32260677218437195}, "sub-027": {"loss": 1.1074320077896118, "acc": 0.600562572479248}, "sub-074": {"loss": 1.3618663549423218, "acc": 0.4988868534564972}, "sub-011": {"loss": 1.98724365234375, "acc": 0.32109227776527405}, "sub-077": {"loss": 2.195943593978882, "acc": 0.1899523288011551}, "sub-046": {"loss": 1.549270510673523, "acc": 0.46641790866851807}, "sub-070": {"loss": 1.3419268131256104, "acc": 0.5336463451385498}, "sub-085": {"loss": 1.2136526107788086, "acc": 0.5698924660682678}, "sub-081": {"loss": 2.106107711791992, "acc": 0.2571059465408325}, "sub-082": {"loss": 1.7871692180633545, "acc": 0.36618876457214355}, "sub-012": {"loss": 1.9929827451705933, "acc": 0.2773742377758026}, "sub-053": {"loss": 1.7556531429290771, "acc": 0.3514018654823303}, "sub-014": {"loss": 1.69545578956604, "acc": 0.3968643546104431}, "sub-084": {"loss": 1.5481925010681152, "acc": 0.4456391930580139}, "sub-075": {"loss": 1.3967070579528809, "acc": 0.513458788394928}, "sub-069": {"loss": 1.8759514093399048, "acc": 0.329334020614624}, "sub-026": {"loss": 1.5319551229476929, "acc": 0.4740382134914398}, "sub-019": {"loss": 1.2872675657272339, "acc": 0.5427764058113098}, "sub-050": {"loss": 2.3727869987487793, "acc": 0.18269947171211243}, "sub-003": {"loss": 1.3856562376022339, "acc": 0.48816248774528503}, "sub-080": {"loss": 1.2958009243011475, "acc": 0.5410194993019104}, "sub-022": {"loss": 1.4264681339263916, "acc": 0.5135651230812073}, "sub-059": {"loss": 1.3952313661575317, "acc": 0.49899980425834656}, "sub-028": {"loss": 1.2311419248580933, "acc": 0.5652250647544861}, "sub-013": {"loss": 1.2077158689498901, "acc": 0.5920096635818481}, "sub-009": {"loss": 1.2100162506103516, "acc": 0.5980629324913025}, "sub-034": {"loss": 1.6768866777420044, "acc": 0.3971771001815796}, "sub-002": {"loss": 1.4362359046936035, "acc": 0.4839593172073364}, "sub-025": {"loss": 1.4090893268585205, "acc": 0.494437038898468}, "sub-029": {"loss": 1.6987879276275635, "acc": 0.3943389654159546}, "sub-049": {"loss": 1.9866688251495361, "acc": 0.2776739299297333}, "sub-054": {"loss": 1.916702151298523, "acc": 0.3401869237422943}, "sub-044": {"loss": 0.7574343681335449, "acc": 0.731965184211731}, "sub-024": {"loss": 1.624072551727295, "acc": 0.39252084493637085}, "sub-065": {"loss": 1.9306331872940063, "acc": 0.2999478280544281}, "sub-041": {"loss": 1.758874773979187, "acc": 0.3904295861721039}, "sub-062": {"loss": 1.7431535720825195, "acc": 0.34388071298599243}, "sub-048": {"loss": 1.4330025911331177, "acc": 0.4770556688308716}, "sub-072": {"loss": 1.0812503099441528, "acc": 0.6460230946540833}, "sub-061": {"loss": 1.5629749298095703, "acc": 0.44499000906944275}, "sub-045": {"loss": 1.7215169668197632, "acc": 0.38474294543266296}, "sub-052": {"loss": 1.447209358215332, "acc": 0.4841121435165405}, "sub-036": {"loss": 1.3373589515686035, "acc": 0.5458723306655884}, "sub-020": {"loss": 1.119943380355835, "acc": 0.6117845177650452}, "sub-016": {"loss": 1.8228659629821777, "acc": 0.3397901654243469}, "sub-017": {"loss": 1.56708824634552, "acc": 0.437826544046402}}